place_name,type,mention_count,total_digg,total_plays,max_followers,price_mentions,video_urls,video_caption,confidence_high,popularity_score,aliases,gmaps_name,gmaps_place_id,gmaps_address,lat,lng,gmaps_rating,gmaps_reviews_count,gmaps_price_level,gmaps_phone,gmaps_website,gmaps_status,opening_hours_text,open_time,close_time,fuzzy_score,tiktok_raw,gmaps_raw,tiktok_score_norm,gmaps_score_norm,attraction_score,open_min,close_min,visit_duration_min,include_in_route
thác Datanla,địa điểm checkin,16,75436,3263800,789600,170k 1 người,https://www.tiktok.com/@nhanphepha/video/7639633466505596180,"Thác DaTanLa Đà Lạt, Bao Lâu Rồi Bạn Chưa Ghé ? #dalat #thacnuoc #tourguidedeptrai #canhdepthiennhien #dalatreview 
@Tour Guide_ Đẹp Trai🧑‍🦱 
@Tour Guide_ Đẹp Trai🧑‍🦱 
@Tour Guide_ Đẹp Trai🧑‍🦱 ",16,561.82,,Khu du lịch Thác Datanla,ChIJQTO5pKEUcTERZcAVKbeOzvg,"QL20 Đèo Prenn, Xuân Hương - Đà Lạt, Lâm Đồng 66000, Việt Nam",11.9034324,108.4496999,4.4,24719,,0981 166 088,https://dalattourist.com.vn/,OPERATIONAL,Thứ Hai: 07:30–16:30 | Thứ Ba: 07:30–16:30 | Thứ Tư: 07:30–16:30 | Thứ Năm: 07:30–16:30 | Thứ Sáu: 07:30–16:30 | Thứ Bảy: 07:30–16:30 | Chủ Nhật: 07:30–16:30,07:30,16:30,81.66666666666667,641.82,44.51,1.0,0.9959,0.9984,450,990,30,True
Fairytale Land,địa điểm checkin,3,159300,3106400,18700000,,https://www.tiktok.com/@dalat_fairytale_land/video/7497465065642183943,"Lost in Fairytale Land 
🇻🇳 🇻🇳 🇻🇳  30.4 - 1.5 🇻🇳 🇻🇳 🇻🇳
Let's gooooo 🛵🛵🛵🛵🛵🛵
#dalat #fairytaleland #langcotichdalat #dulichdalat2025 #diadiemdalat #30thang4 #1thang5 #xuhuong #Далат #Вьетнам #달랏 #베트남 ",3,499.94,The KUPID - Dalat | Dalat Wonderland,DALAT FAIRYTALE LAND,ChIJCcTm2xdtcTERLlbemsPGwVI,"Vạn Thành, Làng Hoa, Cam Ly - Đà Lạt, Lâm Đồng, Việt Nam",11.9484697,108.4029385,4.3,408,,0941 204 222,https://dalatfairytaleland.com/,OPERATIONAL,Thứ Hai: 07:30–17:00 | Thứ Ba: 07:30–17:00 | Thứ Tư: 07:30–17:00 | Thứ Năm: 07:30–17:00 | Thứ Sáu: 07:30–17:00 | Thứ Bảy: 07:30–17:00 | Chủ Nhật: 07:30–17:00,07:30,17:00,100,514.94,25.86,0.7988,0.5786,0.7107,450,1020,30,True
Cầu Gỗ Bình Minh Coffee,cafe,4,91366,2608600,568600,,https://www.tiktok.com/@du_lich_dalat/video/7327471583943986433,Hướng Dẫn Đường Đi Săn Mây Cầu Gỗ Bình Minh Coffee Tại Đồi Chè Cầu Đất Đà Lạt#thodandalad#review#reviewdalat#sănmay#sanmay#sanmaydoichecaudat#doichecaudat# ,4,392.23,Cà phê Bản Lèo,Săn Mây Cầu Gỗ - Bình Minh,ChIJf3R-Z-AXcTERdEMQISrK4qg,"Đồi chè, Xuân Trường - Đà Lạt, Lâm Đồng, Việt Nam",11.8916145,108.5737046,4.6,2760,,0899 889 968,,OPERATIONAL,Thứ Hai: 04:00–12:00 | Thứ Ba: 04:00–12:00 | Thứ Tư: 04:00–12:00 | Thứ Năm: 04:00–12:00 | Thứ Sáu: 04:00–12:00 | Thứ Bảy: 04:00–12:00 | Chủ Nhật: 04:00–12:00,04:00,12:00,68.08510638297872,412.23,36.45,0.6359,0.8155,0.7077,240,720,60,True
tiệm nướng,khác,1,29700,2200000,221900,,https://www.tiktok.com/@dichoimoingay/video/7376509912337157383,Không gian tiệm nướng ngắm xe lửa cùng view nhà lồng và hoàng hôn cực chill không thể bỏ lỡ ở Đà Lạt🤎 #dalat #dalattrip #dulichdalat #reviewanngon #dichoimoingay ,1,259.7,,Tiệm Nướng Ú Nu,ChIJe8uUqQATcTERn1LE8uC_XvM,"39 Đường Trần Đại Nghĩa, Lâm Viên - Đà Lạt, Lâm Đồng 670000, Việt Nam",11.9721106,108.4515073,4.8,961,,0981 234 102,,OPERATIONAL,Thứ Hai: 10:00–23:00 | Thứ Ba: 10:00–23:00 | Thứ Tư: 10:00–23:00 | Thứ Năm: 10:00–23:00 | Thứ Sáu: 10:00–23:00 | Thứ Bảy: 10:00–23:00 | Chủ Nhật: 10:00–23:00,10:00,23:00,95.0,264.7,32.97,0.4019,0.7378,0.5362,600,1380,45,True
Langbiang,địa điểm checkin,10,34284,1628826,48800,,https://www.tiktok.com/@langbiangland/video/7528369502120185095,Đến Langbiang thưởng thức âm nhạc từ các cô sơn nữ nào #langbiangland #music #dalat #dulichdalat ,10,297.17,Langbiang Land,Langbiang,ChIJH4Xfz7ZycTERj4pYvzEGu7M,"Langbiang, tt. Lạc Dương, Tp. Đà Lạt, Lâm Đồng, Việt Nam",12.0113122,108.4194447,,,,,,,,,,100,347.17,0.0,0.5327,0.0,0.5327,,,30,True
Hồ Xuân Hương,địa điểm checkin,3,66943,1983100,5000000,,https://www.tiktok.com/@manhtienkhoi_/video/7600035869093006610,Hồ Xuân Hương Đà Lạt Sau Tiết Mục Pháo Bông #dalat #sukien #phaobong #ketxe #thachdalat #19dofarm #19dofarmdacsandalat ,3,295.25,,Hồ Xuân Hương,ChIJL9Ajjd8ScTERNAPClxAZWEY,"Hồ Xuân Hương, Lâm Đồng, Việt Nam",11.9407361,108.4415404,4.7,360,,,,,,,,100,310.25,27.68,0.4741,0.6193,0.5322,,,30,True
Vườn Địa Đàng,thiên nhiên,1,52700,1700000,37800,,https://www.tiktok.com/@hieuanhcaudung/video/7419309616829435154,Thác 7 tầng - Vườn Địa Đàng - Đà Lạt #dungmeanh #caudungdalat #chupanhdalat #reviewdalat #vuondiadang ,1,232.7,,Vườn Địa Đàng,ChIJoa-KU1UVcTERxJbqPGRF21U,"Hoa Cẩm Tú Cầu, Xuân Hương - Đà Lạt, Lâm Đồng 66100, Việt Nam",11.9016994,108.4395692,4.4,2013,,,,OPERATIONAL,Thứ Hai: 07:00–18:00 | Thứ Ba: 07:00–18:00 | Thứ Tư: 07:00–18:00 | Thứ Năm: 07:00–18:00 | Thứ Sáu: 07:00–18:00 | Thứ Bảy: 07:00–18:00 | Chủ Nhật: 07:00–18:00,07:00,18:00,100,237.7,33.47,0.359,0.749,0.515,420,1080,90,True
Maze Bar,cafe,1,51900,1600000,72100,,https://www.tiktok.com/@koinamang/video/7473110759875153159,Phần 2 - Maze Bar Đà Lạt 🫣 #learnontiktok #ancungtiktok #dalat #dulichdalat #koinamang #mazebar ,1,221.9,,Maze Bar,ChIJsx2AxigTcTERJJ1Fu4CmsMs,"57 Phan Bội Châu, Xuân Hương - Đà Lạt, Lâm Đồng, Việt Nam",11.9446386,108.4375466,4.6,1755,2,0903 040 202,https://www.facebook.com/100roof.mazebar/,OPERATIONAL,Thứ Hai: 08:00–00:00 | Thứ Ba: 08:00–00:00 | Thứ Tư: 08:00–00:00 | Thứ Năm: 08:00–00:00 | Thứ Sáu: 08:00–00:00 | Thứ Bảy: 08:00–00:00 | Chủ Nhật: 08:00–00:00,08:00,00:00,100,226.9,34.37,0.3419,0.769,0.5127,480,1440,60,True
Cafe mới,cafe,1,32600,1000000,51900,,https://www.tiktok.com/@bolonton_/video/7461468993396706567,"Vượt 275km từ Thủ Đức lên Đà Lạt chỉ để tận hưởng không gian cafe mới với không khí se lạnh iu thíchhh 🤎🍂 
#bolonton #cafe #dalat #chuyencuamo #cafedalat #xh #fyp #reviewcafe ",0,142.6,,Still Cafe,ChIJawxt4R4TcTERR3yVdgtMhbI,"59 Nguyễn Trãi, Lâm Viên - Đà Lạt, Lâm Đồng 66111, Việt Nam",11.9443445,108.4543587,4.5,2965,2,0869 275 079,https://www.facebook.com/still.dalat,OPERATIONAL,Thứ Hai: 08:00–21:00 | Thứ Ba: 08:00–21:00 | Thứ Tư: 08:00–21:00 | Thứ Năm: 08:00–21:00 | Thứ Sáu: 08:00–21:00 | Thứ Bảy: 08:00–21:00 | Chủ Nhật: 08:00–21:00,08:00,21:00,66.66666666666667,142.6,35.98,0.2082,0.805,0.4469,480,1260,60,True
Làng Cù Lần,địa điểm checkin,1,3516,191900,57400,,https://www.tiktok.com/@bacxiuneee_/video/7605564991403560213,"Đi Làng Cù Lần, có ai bỏ quên “Lò Gụ” này khumm🍃
#langculan #reviewdalat #dulichdalat #dalat #bacxiunee ",1,32.71,,Làng Cù Lần,ChIJPWhb3k5ycTERkHYm-NE8qoA,"ĐT722, Lang Biang - Đà Lạt, Lâm Đồng, Việt Nam",12.0260122,108.3636996,4.6,16572,,,,OPERATIONAL,Thứ Hai: 08:00–17:00 | Thứ Ba: 08:00–17:00 | Thứ Tư: 08:00–17:00 | Thứ Năm: 08:00–17:00 | Thứ Sáu: 08:00–17:30 | Thứ Bảy: 08:00–17:30 | Chủ Nhật: 08:00–17:30,08:00,17:30,100,37.71,44.69,0.0418,1.0,0.4251,480,1050,30,True
Hidden Land Dalat,địa điểm checkin,2,65669,976070,8394,,https://www.tiktok.com/@hiddenland.dalat/video/7580344517484662024 | https://www.tiktok.com/@alvinodalat/video/7604836931930705160,"Cánh đồng lúa đang chuyển vàng rồi bạn ơi 🌾✨
📍Hidden Land Dalat
#dalat #caphedalat #xuhuong #capheviewdep #hiddenlanddalat ",2,172.34,,Hidden Land Đà Lạt,ChIJyfncbz8TcTERCz0qYUJOdbw,"Đường Lâm Văn Thạnh, Xuân Trường - Đà Lạt, Lâm Đồng 67000, Việt Nam",11.9293672,108.484794,4.7,335,,0921 297 299,,OPERATIONAL,Thứ Hai: 07:30–18:30 | Thứ Ba: 07:30–18:30 | Thứ Tư: 07:30–18:30 | Thứ Năm: 07:30–18:30 | Thứ Sáu: 07:30–18:30 | Thứ Bảy: 07:30–18:30 | Chủ Nhật: 07:30–18:30,07:30,18:30,100,193.28,27.34,0.2886,0.6118,0.4179,450,1110,30,True
Lạc Hư Cổ Trấn,địa điểm checkin,1,40900,1800000,123300,,https://www.tiktok.com/@tiktokgapgiquaydo/video/7607409661502967058,"Một địa điểm mới tại Đà Lạt khai trương ngày mùng 1 tết này các bạn ơi.
📍 Lạc Hư Cổ Trấn 
##dalatreviewtravel##latnoitravel##lachucotran",1,230.9,,Lạc Hư Cổ Trấn,ChIJo_sBJQATcTERA82qQAZoApM,"Đường Lâm Văn Thạnh, Đà Lạt, Lâm Đồng, Việt Nam",11.9404232,108.485043,4.1,213,,0886 843 460,,OPERATIONAL,Thứ Hai: 05:00–21:00 | Thứ Ba: 05:00–21:00 | Thứ Tư: 05:00–21:00 | Thứ Năm: 05:00–21:00 | Thứ Sáu: 05:00–21:00 | Thứ Bảy: 05:00–21:00 | Chủ Nhật: 05:00–21:00,05:00,21:00,100,235.9,22.0,0.3562,0.4923,0.4106,300,1260,30,True
Chân gà quái thú Đà Lạt,cafe,1,56800,1500000,71300,,https://www.tiktok.com/@sieuanvat25/video/7239287781401398533,Chân gà quái thú Đà Lạt - quán ngon của dân địa phương #xuhuong #sieuanvat #HômNayĂnGì #đàlạt #dalatreview #dalatfood #changa #changaquaithu #chângà #dalatangingon #reviewfood #AnCungTikTok #vrstudio #AnCungTikTok #hômnayăngì #foodreview #quánngon,1,216.8,,Quán nhậu Huyền Diệu ( Chân Gà Quái Thú ),ChIJV0h-vtJscTER0FDG3Uf2s74,"16b Đường Hoàng Văn Thụ, Xuân Hương - Đà Lạt, Lâm Đồng, Việt Nam",11.9399205,108.4261972,4.2,241,,0397 604 601,,OPERATIONAL,Thứ Hai: 09:00–23:00 | Thứ Ba: 09:00–23:00 | Thứ Tư: 09:00–23:00 | Thứ Năm: 09:00–23:30 | Thứ Sáu: 09:00–23:30 | Thứ Bảy: 09:00–23:30 | Chủ Nhật: 09:00–23:30,09:00,23:30,75.37735849056604,221.8,23.05,0.3338,0.5158,0.4066,540,1410,60,True
Chợ đêm, chợ quán,1,6883,290500,102000,,https://www.tiktok.com/@callmevyvo/video/7359542199014493448,Ăn vặt độc lạ Đà Lạt với món đậu hủ lắc khói ngay chợ đêm Đà Lạt 😗🍡🍢 #callmevyvo #vyvoreview #dalat #reviewanngon #ancungtiktok #anvatdalat ,1,45.93,chợ đêm Đà Lạt,Chợ Đêm Đà Lạt,ChIJw-dBTv8TcTERPCSnIa35zyE,"Đường Nguyễn Thị Minh Khai, Xuân Hương - Đà Lạt, Lâm Đồng, Việt Nam",11.9414015,108.4372912,4.2,18260,,0263 3821 586,,OPERATIONAL,Thứ Hai: 17:30–00:00 | Thứ Ba: 17:30–00:00 | Thứ Tư: 17:30–00:00 | Thứ Năm: 17:30–00:00 | Thứ Sáu: 17:30–00:00 | Thứ Bảy: 17:30–00:00 | Chủ Nhật: 17:30–00:00,17:30,00:00,100,50.93,41.21,0.0628,0.9222,0.4066,1050,1440,45,True
Nướng,chợ quán,3,9597,758400,2400000,,https://www.tiktok.com/@gowith_we/video/7447126428484685074,Một điểm đến mình rất ưng khi đi ăn nướng ở Đà Lạt là Mộc Quán BBQ nha #travel #traveltiktok #dulichvietnam #travelvietnam #dalat #reviewdalat ,2,115.44,Tiệm nướng Trạm Dừng Chill | Mộc Quán BBQ | Quán nướng,OM Nướng - Đà Lạt,ChIJ54CWzR4TcTERQ7d7zVOBQrI,"28 Trần Hưng Đạo, Xuân Hương - Đà Lạt, Lâm Đồng 670000, Việt Nam",11.9396338,108.4575896,4.8,974,,1900 255869,https://omnuong.vn/,OPERATIONAL,"Thứ Hai: 11:00–14:00, 16:30–23:45 | Thứ Ba: 11:00–14:00, 16:30–23:45 | Thứ Tư: 11:00–14:00, 16:30–23:45 | Thứ Năm: 11:00–14:00, 16:30–23:45 | Thứ Sáu: 11:00–14:00, 16:30–23:45 | Thứ Bảy: 11:00–14:00, 16:30–23:45 | Chủ Nhật: 11:00–14:00, 16:30–23:45",11:00,14:00,91.92307692307692,125.44,33.04,0.181,0.7392,0.4043,660,840,45,True
La Mer,homestay,1,55800,1600000,5015,,https://www.tiktok.com/@la.mer.home.dalat/video/7555889967071792402,"đi Đà Lạt về khuya, quá dễ với La Mer 😍😍 #fyp #xuhuong #homestaydalat #staycation #viral ",1,225.8,,La Mer Home Da Lat,ChIJg4sc0DITcTERTtMwRJUI0u4,"24-26 Nguyễn Thị Nghĩa, Xuân Hương - Đà Lạt, Lâm Đồng 66109, Việt Nam",11.9482104,108.4403609,4.8,88,,0867 524 816,,OPERATIONAL,,,,85.58823529411764,230.8,21.55,0.3481,0.4821,0.4017,,,0,False
Thênh Thang,cafe,1,27200,695100,216200,,https://www.tiktok.com/@tiemcaphenhabenrung/video/7509087907039218951,"Buổi sáng sớm ở Thênh Thang như lạc vào cổ tích..
#dalat #reviewdalat #thenhthang #tiemcaphethengthang #cafethenhthang #thenhthangcoffee #caphethenhthang #caphedalat #QuánCafeViewĐẹp #chill #binhyen #binhminh #caphedep ",1,106.71,,Tiệm cà phê Thênh Thang,ChIJH0wzPyoTcTER-aHhB2ocgy0,"hem xe Ford ô tô, 108 Đ. Hùng Vương, Tổ Tây Hồ 2, Xuân Trường - Đà Lạt, Lâm Đồng 66000, Việt Nam",11.936993,108.4791359,4.9,1069,,0328 857 727,https://www.facebook.com/thenhthangcafe/,OPERATIONAL,Thứ Hai: 06:00–20:00 | Thứ Ba: 06:00–20:00 | Thứ Tư: 06:00–20:00 | Thứ Năm: 06:00–20:00 | Thứ Sáu: 06:00–20:00 | Thứ Bảy: 06:00–20:00 | Chủ Nhật: 06:00–20:00,06:00,20:00,79.70588235294117,111.71,34.18,0.1592,0.7648,0.4014,360,1200,60,True
Thác mây,địa điểm checkin,1,22900,1100000,26800,,https://www.tiktok.com/@thacmay/video/7550279164360690962,"Cả nhà nôn hông nè? ❤️❤️❤️ Hẹn nhà mình vào ngày 23/09/2025 này nhé 🥰

🌲 Thác mây & chill 🌲
🏠: Dốc số 9, Trại Mát, Đà Lạt

#Thacmay #Thacmaydalat #TiemcapheThacmay #Thacmaycaphe #Quancaphe #Dalat #Tiemcaphe #Yenbinh #Chualanh ",1,142.9,,Thác mây & chill,ChIJi2rtKWwTcTERh0GfYiMke80,"Dốc số 9, Trại Mát, Xuân Trường - Đà Lạt, Lâm Đồng 66000, Việt Nam",11.9390111,108.5077653,4.8,495,,0989 795 479,,OPERATIONAL,Thứ Hai: 05:00–19:00 | Thứ Ba: 05:00–19:00 | Thứ Tư: 05:00–19:00 | Thứ Năm: 05:00–19:00 | Thứ Sáu: 05:00–19:00 | Thứ Bảy: 05:00–19:00 | Chủ Nhật: 05:00–19:00,05:00,19:00,87.72727272727273,147.9,29.79,0.2166,0.6666,0.3966,300,1140,30,True
Chợ Đà Lạt,địa điểm checkin,3,13626,548100,212100,,https://www.tiktok.com/@sino4994/video/7632278494461873429 | https://www.tiktok.com/@chang.trang91/video/7597736208403270933,Phô mai nướng chợ Đà Lạt #thimucbang #mukbang #phomainuong #chodalat #anvat ,3,71.63,,Chợ đà lạt,ChIJERJoQwATcTERR_bBPr8wkUY,"chợ Đà Lạt, 24 Đường Nguyễn Thị Minh Khai, Xuân Hương - Đà Lạt, Lâm Đồng 02633, Việt Nam",11.9430226,108.4368778,4.5,1426,,,,OPERATIONAL,,,,100,113.44,32.68,0.162,0.7313,0.3897,,,30,True
Tiệm cafe của thanh xuân,cafe,2,2548,85200,208200,,https://www.tiktok.com/@heuupham95/video/7409930280238124295 | https://www.tiktok.com/@traveleverywhere.vn/video/7399602885719346450,"Tiệm cafe của thanh xuân 2024 
#travel #food #cafe #review #heuuulatui #dalat #learnontiktok #xuhuong #dqn ",2,18.62,,Quán Của Thời Thanh Xuân,ChIJw6D__a8TcTERqUhnflvGR7s,"9 Đường Triệu Việt Vương, Xuân Hương - Đà Lạt, Lâm Đồng, Việt Nam",11.9308749,108.4283069,4.9,2574,1,0914 142 850,http://nhacuathoithanhxuan.com/,OPERATIONAL,Thứ Hai: 07:30–22:00 | Thứ Ba: 07:30–22:00 | Thứ Tư: 07:30–22:00 | Thứ Năm: 07:30–22:00 | Thứ Sáu: 07:30–22:00 | Thứ Bảy: 07:30–22:00 | Chủ Nhật: 07:30–22:00,07:30,22:00,70.83333333333333,41.07,38.48,0.0472,0.8611,0.3727,450,1320,60,True
Hoàng Hôn,địa điểm checkin,1,18300,319900,424400,,https://www.tiktok.com/@hachireview74/video/7460073643004022034,"Lại thêm một tọa độ check-in ở Đà Lạt nè mọi người, hoàng hôn đẹp mê 🥰🥰 ##mountainchill##mountainchilldalat##cafedalat#cafiewdalat ##hoanghon##dalatreview##dalatstory##dalat  ",1,60.29,,Hoàng hôn 3000,ChIJK8avtI0TcTERF7wrBIoH7sU,"37 Đường Trần Đại Nghĩa, Lâm Viên - Đà Lạt, Lâm Đồng 67000, Việt Nam",11.9719841,108.4514667,4.9,1194,2,0383 877 895,http://1phutdalat.vn/,OPERATIONAL,Thứ Hai: 10:00–23:00 | Thứ Ba: 10:00–23:00 | Thứ Tư: 10:00–23:00 | Thứ Năm: 10:00–23:00 | Thứ Sáu: 10:00–23:00 | Thứ Bảy: 10:00–23:00 | Chủ Nhật: 10:00–23:00,10:00,23:00,93.26086956521739,65.29,34.72,0.0856,0.7769,0.3621,600,1380,30,True
Terracotta Hotel & Resort Dalat,khách sạn,1,1140,213500,13400,,https://www.tiktok.com/@resortdalat/video/7337975832725425410,"Team mê sống ảo không thể bỏ lỡ Terracotta Hotel & Resort Dalat. Mang vẻ đẹp thiên nhiên với rừng thông bao phủ nằm cạnh bờ hồ Tuyền Lâm đầy thơ mộng
———
Liên hệ Hoa Đà Lạt Travel nhận ưu đãi!
———
#dalat #dalatreview #dalattrip #khachsandalat #khachsan4sao #terracotta #terracottaresort #review #reviewdalat #resortdalat #travel #traveltips #khachsandalat #dulichdalat #xuhuong #xuhuongtiktok #viral ",1,32.49,,Terracotta Hotel & Resort Dalat,ChIJxwYY4q8UcTERt31w04QnILo,"Phân khu chức năng 7.9 KDL hồ Tuyền Lâm, Xuân Hương - Đà Lạt, Lâm Đồng 670000, Việt Nam",11.8948927,108.4380538,4.4,4458,,0263 3883 838,https://dalat.terracottaresort.com/,OPERATIONAL,Thứ Hai: 00:00–12:00 | Thứ Ba: 00:00–12:00 | Thứ Tư: 00:00–12:00 | Thứ Năm: 00:00–12:00 | Thứ Sáu: 00:00–12:00 | Thứ Bảy: 00:00–12:00 | Chủ Nhật: 00:00–12:00,00:00,12:00,100,37.49,36.97,0.0415,0.8273,0.3558,0,720,0,False
Làng Khét Đà Lạt,địa điểm checkin,1,14800,463200,6672,,https://www.tiktok.com/@tiemnuonglangkhet/video/7621847267602894098,"Cám ơn những review của Thu Nhi eat clean 😃 

Một buổi chiều rực rỡ hoàng hôn. Quán mình nằm trên 1 ngọn đồi ôm trọn 4 tầng lầu nên bao quát hết view thung lũng

Làng Khét Đà Lạt đẹp nhất từ 16:00 chiều trở đi, bạn có thể tới sớm hơn một chút, nhâm nhi miếng bò nướng mềm mọng thơm ngon bên bếp than hồng rực lửa và đợi mặt trời dần buông xuống

Trong clip Thu Nhi eat clean tới hơi muộn, lúc 17:30 nên hoàng hôn chỉ còn 5p là lặn. Thiệt là tiếc luôn 😢

Làng khét biết là Đà Lạt đẹp nhất là hoàng hôn, và mong mãi trở thành một trong những điểm đón hoàng hôn yêu thích tại Đà Lạt 
#langkhetdalat #hoanghondalat #dalatdonhoanghonodau #donuongviewhoanghondalat",1,71.12,,Làng Khét Đà Lạt,ChIJSx6D_FATcTERmR98pQAGRV8,"27 Huỳnh Tấn Phát, Đà Lạt, Lâm Đồng 66000, Việt Nam",11.9534012,108.4914891,4.5,1328,2,0855 330 330,,OPERATIONAL,Thứ Hai: 16:30–22:00 | Thứ Ba: 16:30–22:00 | Thứ Tư: 16:30–22:00 | Thứ Năm: 16:30–22:00 | Thứ Sáu: 16:30–22:00 | Thứ Bảy: 16:30–22:00 | Chủ Nhật: 16:30–22:00,16:30,22:00,100,76.12,32.36,0.1028,0.7242,0.3513,990,1320,30,True
Sân Mây Đà Lạt,địa điểm checkin,2,29400,1075600,109000,,https://www.tiktok.com/@kacosmetic95/video/7387748570369232146,"⛅️ Đây là điểm Săn Mây mà mình thấy đẹp nhất tại Đà Lạt , mùa này săn mây đúng bài luôn rồi 🥰 #buikieuanh #kacosmetic #dalat #sanmay #vlogs ",2,156.96,Cafe săn mây,Sân Mây Homestay Đà Lạt,ChIJrfG9tj4TcTER9rVJnbXvq9E,"56 Hoàng Hoa Thám, Xuân Hương - Đà Lạt, Lâm Đồng 66000, Việt Nam",11.9353322,108.4640877,4.7,108,,0966 235 972,https://www.facebook.com/sanmayhomestay?mibextid=ZbWKwL,OPERATIONAL,Thứ Hai: Mở cửa cả ngày | Thứ Ba: Mở cửa cả ngày | Thứ Tư: Mở cửa cả ngày | Thứ Năm: Mở cửa cả ngày | Thứ Sáu: Mở cửa cả ngày | Thứ Bảy: Mở cửa cả ngày | Chủ Nhật: Mở cửa cả ngày,00:00,,75.86956521739131,166.96,22.05,0.2469,0.4934,0.3455,0,,30,True
Quán cà phê tone đen,cafe,1,1154,39300,9523,,https://www.tiktok.com/@chillwithvyuyennn/video/7324239184787541256,Quán cà phê tone đen đang hot tại Đà Lạt 🖤 #ThanhThoiLuotTet #dalat #fyp #dalattrip #dalatcoffee #2024 #dalattrip ,1,15.08,,Cà phê Tỏi Đen,ChIJDfFGxicTcTER-6ocP25lAmk,"15A Trần Hưng Đạo, Xuân Hương - Đà Lạt, Lâm Đồng 670000, Việt Nam",11.9379871,108.4511778,4.6,3360,2,0968 115 005,http://cafetoiden.vn/,OPERATIONAL,Thứ Hai: 07:00–21:00 | Thứ Ba: 07:00–21:00 | Thứ Tư: 07:00–21:00 | Thứ Năm: 07:00–21:00 | Thứ Sáu: 07:00–21:00 | Thứ Bảy: 07:00–21:00 | Chủ Nhật: 07:00–21:00,07:00,21:00,70.58823529411764,20.08,37.35,0.0139,0.8358,0.3426,420,1260,60,True
Ivy Coffee Farm,homestay,2,27334,860800,263200,£7 per person,https://www.tiktok.com/@thejammygits/video/7477578613265632534,"Would you pay to stay here? It’s only £7 per person!🤯 

📍ivy coffee farm - cabin house Da Lat Vietnam🇻🇳 

#vietnamtravel #travelvlogs #dalattrip #roomtour ",1,133.41,Cà phê ngắm hoàng hôn,Ivy Coffee Farm,ChIJ60l9CaBBcTERop3FBWTnxlQ,"Unnamed, Road, Hiệp Thạnh, Lâm Đồng, Việt Nam",11.7705219,108.3833161,4.9,153,,0907 002 293,https://www.facebook.com/coffeeroasters.IVY,OPERATIONAL,Thứ Hai: Mở cửa cả ngày | Thứ Ba: Mở cửa cả ngày | Thứ Tư: Mở cửa cả ngày | Thứ Năm: Mở cửa cả ngày | Thứ Sáu: Mở cửa cả ngày | Thứ Bảy: Mở cửa cả ngày | Chủ Nhật: Mở cửa cả ngày,00:00,,100,138.41,24.68,0.2016,0.5523,0.3418,0,,0,False
Bún bò Huế Thiên Trang,chợ quán,1,16900,625700,161000,,https://www.tiktok.com/@mr.cunghe/video/7129358708542393627,BÚN BÒ HUẾ THIÊN TRANG 2 - 28 Hô Tùng Mậu - Đà Lat#xuhuongtiktok2022 #trainghiemamthuc #thanhphonganhoa #amthucdalat #khamphadalat,1,89.47,,Bún Bò Huế Thiên Trang 2,ChIJo-8FoTwTcTERW5ACYZGj9sg,"2b Hồ Tùng Mậu, Xuân Hương - Đà Lạt, Lâm Đồng, Việt Nam",11.9364783,108.4457553,3.6,3246,,0263 3812 626,,OPERATIONAL,Thứ Hai: 06:00–16:00 | Thứ Ba: 06:00–16:00 | Thứ Tư: 06:00–16:00 | Thứ Năm: 06:00–16:00 | Thứ Sáu: 06:00–16:00 | Thứ Bảy: 06:00–16:00 | Chủ Nhật: 06:00–16:00,06:00,16:00,100,94.47,29.11,0.1319,0.6513,0.3396,360,960,45,True
Tiệm Cà Phê Bình Minh Ơi Đà Lạt,cafe,1,334,78100,216000,,https://www.tiktok.com/@tiemcaphebinhminhoidalat/video/7376464212798852370,"Căn nhà gỗ của Tiệm, căn nhà ấm áp lúc nào cũng có nhạc nhẹ và ánh đèn vàng. Ở trong nhà yên tĩnh hơn, bạn có thể ngồi làm việc, đọc sách, hay đơn giản là chỉ ngồi im chuyện trò với nhau. Góc nào cũng được, miễn bạn thấy thoải mái thì đó là vị trí đẹp nhất rồi - “Tiệm Cà Phê Bình Minh Ơi Đà Lạt ❤️”#binhminhoidalat #girls #quancaphedalatviewdep #tiemcaphebinhminhoi #xuhuong ",1,18.14,,Tiệm cà phê Bình Minh Ơi,ChIJ0auSaVETcTERn_zqE5Mxz0Q,"89 Hoàng Hoa Thám, Xuân Hương - Đà Lạt, Lâm Đồng, Việt Nam",11.9336278,108.4647733,4.4,4053,2,0925 903 634,https://binhminhoi.vn/,OPERATIONAL,Thứ Hai: 04:30–22:00 | Thứ Ba: 04:30–22:00 | Thứ Tư: 04:30–22:00 | Thứ Năm: 04:30–22:00 | Thứ Sáu: 04:30–22:00 | Thứ Bảy: 04:30–22:00 | Chủ Nhật: 04:30–22:00,04:30,22:00,100,23.14,36.55,0.0188,0.8179,0.3384,270,1320,60,True
Tiệm Cơm Hồi Đó,chợ quán,2,6561,299200,177300,,https://www.tiktok.com/@kuti20297/video/7570710409133542663,"Không gian thoáng mát, món ăn chất lượng, đến Đà Lạt mọi người chưa tìm được quán cơm trưa nào vừa ý, thì thử đến Tiệm Cơm Hồi Đó nha #dalatreview #dalatangi #monngondalat #learnontiktok #ancungtiktok ",2,56.48,,Tiệm cơm Hồi Đó,ChIJzzMXM1wTcTERTIdrsfz1Y34,"5 Lý Nam Đế, Lâm Viên - Đà Lạt, Lâm Đồng, Việt Nam",11.9581647,108.4390875,4.8,738,,0929 394 939,https://www.facebook.com/tiemcomhoido/,OPERATIONAL,Thứ Hai: 09:30–22:00 | Thứ Ba: 09:30–22:00 | Thứ Tư: 09:30–22:00 | Thứ Năm: 09:30–22:00 | Thứ Sáu: 09:30–22:00 | Thứ Bảy: 09:30–22:00 | Chủ Nhật: 09:30–22:00,09:30,22:00,100,66.48,31.71,0.0875,0.7094,0.3363,570,1320,45,True
Cơm Trưa,chợ quán,1,6023,354800,242400,bình dân,https://www.tiktok.com/@du_lich_dalat/video/7514631840213454088,Quán Cơm Trưa Với Các Món Ăn Đặc Sản Của Người Đồng Bào Ngon Bình Dân Ngay Trung Tâm Đà Lạt#thodandalad#dalat#comtrua#quancomdalat#mocbbq#mocquan#checkindalat# ,1,51.5,Quán Cơm Trưa,Quán 2ơi! - Cơm Trưa Đà Lạt,ChIJB3n-pf0TcTERlqUh5USRBYw,"14bis Đường Mai Hoa Thôn, Xuân Hương - Đà Lạt, Lâm Đồng 66109, Việt Nam",11.9512076,108.4361705,4.9,590,,0396 727 573,https://www.facebook.com/bialanhcomtruua2oi/,OPERATIONAL,Thứ Hai: 10:00–15:00 | Thứ Ba: 10:00–15:00 | Thứ Tư: 10:00–15:00 | Thứ Năm: 10:00–15:00 | Thứ Sáu: 10:00–15:00 | Thứ Bảy: 10:00–15:00 | Chủ Nhật: 10:00–15:00,10:00,15:00,79.0,56.5,31.27,0.0717,0.6997,0.3229,600,900,45,True
Khu du lịch Fresh Garden,địa điểm checkin,1,4403,66600,419100,,https://www.tiktok.com/@haichi121/video/7630148931460074760,Khu du lịch Fresh Garden - địa điểm vui chơi cực hấp dẫn cho các gia đình có bé nhỏ #nhahana #freshgarden #freshzoo #freshplayground #dalat ,1,21.06,,Khu du lịch Fresh Garden Dalat,ChIJzXuSUrZtcTERMCq6MmWKNTg,"90B Vạn Thành, Cam Ly - Đà Lạt, Lâm Đồng 670000, Việt Nam",11.9476933,108.4090729,4.2,3440,,0908 974 949,https://freshdalat.vn/,OPERATIONAL,Thứ Hai: 07:30–17:30 | Thứ Ba: 07:30–17:30 | Thứ Tư: 07:30–17:30 | Thứ Năm: 07:30–17:30 | Thứ Sáu: 07:30–17:30 | Thứ Bảy: 07:30–17:30 | Chủ Nhật: 07:30–17:30,07:30,17:30,100,26.06,34.2,0.0234,0.7653,0.3202,450,1050,30,True
3 tiệm cà phê viral ở Đà Lạt,cafe,2,287,17609,789600,,https://www.tiktok.com/@nhandian/video/7635214351682522388 | https://www.tiktok.com/@chagiotomthitsieungon/video/7598760559059750165,"Review chân thật 3 tiệm cà phê viral ở Đà Lạt nè, liệu có bị ""overrated"" quá hay không? #dalat #dalatreview #dalatcoffee #nhandian #fyp ",1,11.52,,Tiệm cà phê Cheo veooo,ChIJ-xejkDsTcTERpFMfI6ZLr5A,"116 Đ. Hùng Vương, Xuân Trường - Đà Lạt, Lâm Đồng 66000, Việt Nam",11.9381566,108.4823005,4.5,1862,2,0921 297 299,https://www.facebook.com/cheoveooo/,OPERATIONAL,Thứ Hai: 07:30–20:00 | Thứ Ba: 07:30–20:00 | Thứ Tư: 07:30–20:00 | Thứ Năm: 07:30–20:00 | Thứ Sáu: 07:30–20:00 | Thứ Bảy: 07:30–20:00 | Chủ Nhật: 07:30–20:00,07:30,20:00,65.11627906976744,27.05,33.88,0.0249,0.7582,0.3182,450,1200,60,True
Dưới tán anh đào,cafe,2,16020,161933,19600,,https://www.tiktok.com/@duoitananhdao/video/7639696857463131400,"Mọi người đi du lịch Đà Lạt, ghé Dưới tán anh đào nghe nhạc acoustic nhé 🫶

- Đêm nhạc có lịch diễn mỗi ngày (chỉ nghỉ ngày thứ 4).
- Thời gian từ 19:30-21:30 
- KH.ÔNG BÁ.N VÉ - KH.ÔNG PHỤ THU

📞 Hotline: 093.883.6565

📍Dưới tán anh đào: 29B Hùng Vương, P.Xuân Trường - Đà Lạt (đối diện số 178 Hùng Vương)
🚘 Có bãi đậu xe ô tô và xe máy ngay cổng chính
#acousticdalat #duoitananhdao #dalatdidau #caphedalat #trendingtiktok ",2,52.21,,Quán cà phê Dưới Tán Anh Đào,ChIJm9IiEtcTcTERNsDv1eIoZA4,"29B Đ. Hùng Vương, Xuân Trường - Đà Lạt, Lâm Đồng 66118, Việt Nam",11.9404545,108.4845469,4.5,794,2,0938 836 565,https://gox.life/,OPERATIONAL,Thứ Hai: 07:00–23:00 | Thứ Ba: 07:00–23:00 | Thứ Tư: 07:00–23:00 | Thứ Năm: 07:00–23:00 | Thứ Sáu: 07:00–23:00 | Thứ Bảy: 07:00–23:00 | Chủ Nhật: 07:00–23:00,07:00,23:00,87.72727272727273,62.21,30.05,0.0807,0.6724,0.3174,420,1380,60,True
Bánh canh cua Luxury,chợ quán,1,13000,717000,177300,,https://www.tiktok.com/@kuti20297/video/7463821415771278610,Bánh canh cua Luxury ngon nhất Đà Lạt ✨ #banhcanh #food #dalat #banhcanhcua #minhlakuti #diadiemanuong ,1,94.7,,Bánh Canh Cua Luxury Đà Lạt,ChIJjWfSoh0TcTERpCcYpm_0fCs,"Lô 1A Khu Quy Hoạch Hoàng Văn Thụ, Xuân Hương - Đà Lạt, Lâm Đồng 66115, Việt Nam",11.9378906,108.4291785,4.4,356,,0966 522 955,,OPERATIONAL,Thứ Hai: 06:30–21:00 | Thứ Ba: 06:30–21:00 | Thứ Tư: 06:30–21:00 | Thứ Năm: 06:30–21:00 | Thứ Sáu: 06:30–21:00 | Thứ Bảy: 06:30–21:00 | Chủ Nhật: 06:30–21:00,06:30,21:00,100,99.7,25.86,0.1402,0.5787,0.3156,390,1260,45,True
Mai Anh Đào,địa điểm checkin,1,49800,1700000,10300,,https://www.tiktok.com/@.lt.3605/video/7601868238388989191,Đà Lạt chiều nay 1-2 rực rỡ Mai Anh Đào ❤️#hoxuanhuongdalat #djimavic4pro #fypシ゚ #foryou #canhdepdalat ,1,229.8,,MAI ANH ĐÀO,ChIJ8wiuYlETcTERvXAuABT8c0M,"7 Đường Lộc Quý, Xuân Trường - Đà Lạt, Lâm Đồng, Việt Nam",11.9465493,108.5164391,4.7,10,,,https://giaiphadotpha.vn/,OPERATIONAL,,,,100,234.8,11.27,0.3545,0.2522,0.3135,,,30,True
restaurant, nhà hàng,1,515,54800,20900,,https://www.tiktok.com/@goldiegallowaytravels/video/7332136850510859553,"We found the best restaurant in Da Lat, Vietnam 🙏🏼
.
#travellife #backpackinglife #dalatvietnam #foodporn #fyp ",0,16.0,,Tiệm ăn Đà Lạt Phố - Restaurant,ChIJMzXtGY4TcTERzanixs08VxE,"38 Đường Tăng Bạt Hổ, Xuân Hương - Đà Lạt, Lâm Đồng 66100, Việt Nam",11.9442842,108.4348971,4.7,1472,,0327 606 839,https://vietchallenge.com/restaurant,OPERATIONAL,Thứ Hai: 09:30–21:30 | Thứ Ba: 09:30–21:30 | Thứ Tư: 09:30–21:30 | Thứ Năm: 09:30–21:30 | Thứ Sáu: 09:30–21:30 | Thứ Bảy: 09:30–21:30 | Chủ Nhật: 09:30–21:30,09:30,21:30,77.5,16.0,34.29,0.0074,0.7672,0.3113,570,1290,60,True
1/2 Circle Coffee,cafe,1,5520,536300,76700,,https://www.tiktok.com/@duocroidithoi.sg/video/7387617478555258120,"Cafe tone đen style Thái Lan lên hình cực ấn tượng. Quán 1/2 Circle Coffee✨

#duocroidithoisg #cafedalat #cafe #cafesongao #dalat #xuhuong #cafetiktok ",1,69.15,,1/2 Circle Coffee,ChIJk0kQJgATcTER5HQJIYAPqBw,"Hẻm 4 Đường Đặng Thái Thân, Xuân Hương - Đà Lạt, Lâm Đồng, Việt Nam",11.924712,108.4534609,4.5,511,,0907 232 279,,OPERATIONAL,Thứ Hai: 07:30–18:00 | Thứ Ba: 07:30–18:00 | Thứ Tư: 07:30–18:00 | Thứ Năm: 07:30–18:00 | Thứ Sáu: 07:30–18:00 | Thứ Bảy: 07:30–18:00 | Chủ Nhật: 07:30–18:00,07:30,18:00,100,74.15,28.07,0.0997,0.6281,0.311,450,1080,60,True
Tiệm Cơm Gia Đình Ngon,chợ quán,1,19500,2100000,242400,bình dân,https://www.tiktok.com/@du_lich_dalat/video/7325313221819108610,Tiệm Cơm Gia Đình Ngon Bình Dân Nằm Ngay Trung Tâm Đà Lạt#thodandalad#review#reviewdalat#quananngondalat#comtrua#tiemcomavu# ,1,239.5,,Quán Cơm Gia Đình,ChIJP75VU6ATcTERF7BquNCREUY,"70b Đ. Bùi Thị Xuân, Lâm Viên - Đà Lạt, Lâm Đồng, Việt Nam",11.954052,108.440315,4,11,,,,OPERATIONAL,Thứ Hai: Đóng cửa | Thứ Ba: Đóng cửa | Thứ Tư: Đóng cửa | Thứ Năm: Đóng cửa | Thứ Sáu: Đóng cửa | Thứ Bảy: Đóng cửa | Chủ Nhật: Mở cửa cả ngày,00:00,00:00,71.7948717948718,244.5,9.94,0.3698,0.2224,0.3109,0,0,45,True
đồi chè cầu đất,thiên nhiên,1,101,2373,959,,https://www.tiktok.com/@thch.i.trekk/video/7635134436803218709,Săn mây đồi chè Cầu Đất 2/5 #sanmay #sanmaydalat #dalat #doichecaudat #viralvideo ,1,10.34,,Đồi Chè Cầu Đất,ChIJw3brp90WcTERTv8rLO16P2U,"Xuân Trường - Đà Lạt, Lâm Đồng, Việt Nam",11.8790807,108.5605075,4.4,2383,,,,OPERATIONAL,Thứ Hai: 06:00–18:00 | Thứ Ba: 06:00–18:00 | Thứ Tư: 06:00–18:00 | Thứ Năm: 06:00–18:00 | Thứ Sáu: 06:00–18:00 | Thứ Bảy: 06:00–18:00 | Chủ Nhật: 06:00–18:00,06:00,18:00,100,15.34,34.22,0.0064,0.7656,0.3101,360,1080,90,True
The Manor Villas Dalat,khách sạn,1,6045,428600,13400,,https://www.tiktok.com/@resortdalat/video/7409122532223208711,"Với view này mà có thêm… thì tuyệt!
———
📍The Manor Villas Dalat
———
#dalat #khachsandep #khachsantrungtamdalat #khachsansangtrong #resort #resortdalat #resortdep #chill #villadalat #khachsanviewdepdalat #khachsandalat #chilldalat #dalatchill #vibes ",1,58.91,,The Manor Villas Da Lat,ChIJDf5IwMtscTERT3gMccM9T-4,"6B Đường Đống Đa, Xuân Hương - Đà Lạt, Lâm Đồng 670000, Việt Nam",11.925351,108.444924,4.4,733,,0263 3872 872,https://www.facebook.com/TheManorVillasDaLat,OPERATIONAL,Thứ Hai: Mở cửa cả ngày | Thứ Ba: Mở cửa cả ngày | Thứ Tư: Mở cửa cả ngày | Thứ Năm: Mở cửa cả ngày | Thứ Sáu: Mở cửa cả ngày | Thứ Bảy: Mở cửa cả ngày | Chủ Nhật: Mở cửa cả ngày,00:00,,100,63.91,29.03,0.0834,0.6496,0.3099,0,,0,False
Quán Nguyễn Gia,cafe,1,12200,685300,5678,,https://www.tiktok.com/@quanngondalat/video/7417303437462768904,"📍Phở gà trộn, miến gà trộn Đà Lạt quán Nguyễn Gia 
———
Hợp khẩu vị quá chừng hà, vị sẽ thiên về trong miền Nam 1 xíu nha!
#quanngondalat #dalat #reviewdalat #dalatreview #xuhuong #photron #miengtron #miengatron #phogatron #anngon #dalattrip #dalatfood ",1,90.73,,Phở Nguyễn Gia,ChIJt6jBUr8TcTERf-L4UKgWOak,"33 Ngô Quyền, Cam Ly - Đà Lạt, Lâm Đồng 670000, Việt Nam",11.951338,108.4300999,4.1,446,,0393 037 864,,OPERATIONAL,"Thứ Hai: 06:00–13:30, 16:00–20:00 | Thứ Ba: 06:00–13:30, 16:00–20:00 | Thứ Tư: 06:00–13:30, 16:00–20:00 | Thứ Năm: 06:00–13:30, 16:00–20:00 | Thứ Sáu: 06:00–13:30, 16:00–20:00 | Thứ Bảy: 06:00–13:30, 16:00–20:00 | Chủ Nhật: 06:00–13:30, 16:00–20:00",06:00,13:30,75.86206896551724,95.73,25.02,0.1339,0.5598,0.3043,360,810,60,True
Hoa Cẩm Tú Cầu,cafe,1,2359,71300,9858,,https://www.tiktok.com/@ama.vietnam.blog/video/7613373066021735687,"📍Address: Hoa Cẩm Tú Cầu, Phường 3, Đà Lạt, Lâm Đồng, Vietnam - Rừng Mơ.

Located by the river and surrounded by nature, this beautiful coffee shop offers a chill vibe that feels truly unreal. If you travel to Dalat, Vietnam, don’t miss this place.

Enjoy! 😃

#vietnamesecoffeeshop #vietnamesecafe #dalatcoffeeshop #dalatcafe #vietnamesecoffee",1,19.49,,Vườn Hoa Cẩm Tú Cầu,ChIJ50x58zMScTERbfECwVkKQqI,"Đường Tập Đoàn 7, Trại Mát, Xuân Trường - Đà Lạt, Lâm Đồng, Việt Nam",11.9459911,108.5130737,4.3,1935,,0983 814 396,,OPERATIONAL,Thứ Hai: 07:00–18:00 | Thứ Ba: 07:00–18:00 | Thứ Tư: 07:00–18:00 | Thứ Năm: 07:00–18:00 | Thứ Sáu: 07:00–18:00 | Thứ Bảy: 07:00–18:00 | Chủ Nhật: 07:00–18:00,07:00,18:00,99.84848484848484,24.49,32.54,0.0209,0.7282,0.3038,420,1080,60,True
Tiệm cơm Mêli Đà Lạt,quán ăn,1,1091,107400,5678,,https://www.tiktok.com/@quanngondalat/video/7446651507530845447,"Tiệm cơm gia đình Đà Lạt chuẩn cơm mẹ nấu. Lên Đà Lạt muốn tìm quán cơm set menu thì có thể ghé qua quán cơm gia đình lâu đời này nha!
📍Tiệm cơm Mêli Đà Lạt
#quanngondalat #tiemcommeli #quancomgiadinh #comgiadinhdalat #dalatangi #dalatangingon #dalatreview #reviewdalat #dalatfood #dalattrip #dalat #comnhangonnhat #chuancommenau #tiemcommelidalat #setmenu #lunchsetmenu ",1,21.83,,Tiệm cơm Mêli,ChIJ3ZIQSr8TcTER-GnZra5PKO8,"Hẽm 288, Đ. Bùi Thị Xuân, Xuân Hương - Đà Lạt, Lâm Đồng 660000, Việt Nam",11.9538396,108.4415793,4.5,1292,2,0888 869 333,https://www.facebook.com/tiemcommelidalat,OPERATIONAL,Thứ Hai: 11:00–00:00 | Thứ Ba: 00:00–20:00 | Thứ Tư: 11:00–20:00 | Thứ Năm: 11:00–20:00 | Thứ Sáu: 11:00–20:00 | Thứ Bảy: 11:00–20:00 | Chủ Nhật: 11:00–20:00,11:00,20:00,100,26.83,32.24,0.0246,0.7214,0.3033,660,1200,45,True
Primavera Italian Restaurant,cafe,1,366,24800,7572,,https://www.tiktok.com/@avokliv/video/7617686854049058070,"Found the best pizza in Vietnam🇻🇳🇮🇹 Primavera Italian Restaurant 📍Da Lat 

Address: 54/7 Phan Đình Phùng, Phường 1, Đà Lạt

#miraglorycoffee #miraglory #vietnam #lifeinvietnam #italyinvietnam ",1,12.85,,Primavera Italian Restaurant,ChIJ_cUHekUTcTERHJcmjYn1Vc4,"54/7 Phan Đình Phùng, Xuân Hương - Đà Lạt, Lâm Đồng, Việt Nam",11.9437904,108.434288,4.3,2250,2,0263 3582 018,http://www.primaveradalat.com/,OPERATIONAL,Thứ Hai: Đóng cửa | Thứ Ba: 12:00–22:00 | Thứ Tư: 12:00–22:00 | Thứ Năm: 12:00–22:00 | Thứ Sáu: 12:00–22:00 | Thứ Bảy: 12:00–22:00 | Chủ Nhật: 12:00–22:00,12:00,22:00,100,17.85,33.19,0.0103,0.7427,0.3033,720,1320,60,True
Khu vườn cà phê,địa điểm checkin,2,2052,50218,6565,,https://www.tiktok.com/@kunlogg/video/7590354050130939156 | https://www.tiktok.com/@khuvuonmuahe/video/7529876407002959122,"Khu vườn cà phê sáng iu thích của toiiii ☕️🫂
#vlog #kunlog #dalat ",2,16.77,,Khu Vườn Mùa Hè,ChIJ5QlCZ6MTcTERODxqPibUdc0,"27 Hẻm, 1 Đường Đặng Thái Thân, Xuân Hương - Đà Lạt, Lâm Đồng, Việt Nam",11.9317664,108.4527627,4.6,846,2,0931 864 961,,OPERATIONAL,Thứ Hai: 08:00–18:00 | Thứ Ba: 08:00–18:00 | Thứ Tư: 08:00–18:00 | Thứ Năm: 08:00–18:00 | Thứ Sáu: 08:00–18:00 | Thứ Bảy: 08:00–18:00 | Chủ Nhật: 08:00–18:00,08:00,18:00,66.66666666666667,37.07,31.01,0.0408,0.6939,0.3021,480,1080,30,True
S-Chill Home Đà Lạt,homestay,1,15200,1100000,140300,,https://www.tiktok.com/@minhmoonha/video/7394486242219478279,"Homestay Đà Lạt có Bồn Tắm View xịn xò sống ảo, tối chill xem phim nữa nha 🔥🔥🔥 S-Chill Home Đà Lạt #mcv #haminhmoon #dalatreview #homestaydalat #homestayviewdep #dalathomestay #view #reviewhomestay #bontam #dalat #tiktokcommunityvn #monngondalat ",1,135.2,,S-Chill Home,ChIJ_cnvegxtcTER-0xPIFKGGj4,"Vạn Thành, Cam Ly - Đà Lạt, Lâm Đồng, Việt Nam",11.9457723,108.4135474,4,149,,0932 014 007,https://www.facebook.com/schillhome,OPERATIONAL,,,,100,140.2,20.04,0.2044,0.4485,0.302,,,0,False
New Light Coffee,cafe,1,796,60300,207600,,https://www.tiktok.com/@didalatcungtruc/video/7633363595354590485,"New Light Coffee Đà Lạt, tiệm cà phê ăn sáng xinh ở trung tâm, chụp ảnh đẹp, view chill #newlightcoffeedalat #dalatcoffee #reviewdalat #didalatcungtruc #isbtalents ",1,16.83,New Light Coffee Đà Lạt,New Light Coffee Đà Lạt,ChIJ-WkCxyMTcTER2OdNh4GNxZw,"3 bis Hoàng Hoa Thám, Đà Lạt, Lâm Đồng 66000, Việt Nam",11.9409927,108.4642694,4.6,1173,,0917 937 168,https://www.facebook.com/newlightcoffee10,OPERATIONAL,Thứ Hai: 00:30–22:00 | Thứ Ba: 06:30–22:00 | Thứ Tư: 06:30–22:00 | Thứ Năm: 06:30–22:00 | Thứ Sáu: 06:30–22:00 | Thứ Bảy: 06:30–22:00 | Chủ Nhật: 06:30–22:00,06:30,22:00,100,21.83,32.51,0.0167,0.7275,0.301,390,1320,60,True
Đồi cỏ hồng,địa điểm checkin,1,12100,313000,42900,,https://www.tiktok.com/@dihetdalat/video/7579981746721148168,Check-in đồi cỏ hồng mộng mơ tại Đà Lạt 📸 #dihetdalat #dalat #cohong #doicohong #doicohongdalat ,1,53.4,,Đồi Cỏ Hồng Đà Lạt,ChIJgRnIjZtycTERGEICDOZETo0,"X9XV+38W, Lang Biang - Đà Lạt, Lâm Đồng 670000, Việt Nam",11.9977266,108.393338,4.4,590,,,,OPERATIONAL,Thứ Hai: Mở cửa cả ngày | Thứ Ba: Mở cửa cả ngày | Thứ Tư: Mở cửa cả ngày | Thứ Năm: Mở cửa cả ngày | Thứ Sáu: Mở cửa cả ngày | Thứ Bảy: Mở cửa cả ngày | Chủ Nhật: Mở cửa cả ngày,00:00,,100,58.4,28.08,0.0747,0.6283,0.2961,0,,30,True
Tiệm Cafe Nhớ Hoài,cafe,1,62,1531,116,,https://www.tiktok.com/@langthanglk/video/7552701224886275336,"TIỆM CAFE NHỚ HOÀI - Là một góc nhỏ giữa thành phố Đà Lạt ồn ào - nó nằm ngay dưới con dóc nhỏ nơi có những bậc cầu thang đặc trưng của những con dóc Đà Lạt - là nơi Trịnh Công Sơn đã đến với MoChico nàng thơ của ông trong những sáng tác về Đà Lạt về giấc sơ sương - hãy đến để trải nghiệm nổi Hoài cổ mộc mạc của 1 quán cafe góc đường.
#cafenhohoai #đalat #langthangđườngphố #khampha #xuhuongtiktok ",1,10.22,,Cà phê Tiệm may Nhớ Hoài,ChIJgabtscoTcTERrc2I0kvV6sM,"9 Trần Hưng Đạo, Xuân Hương - Đà Lạt, Lâm Đồng 670000, Việt Nam",11.9371712,108.4485328,4.8,889,,0933 079 857,https://www.facebook.com/caphetiemmaynhohoaia,OPERATIONAL,Thứ Hai: 06:00–22:00 | Thứ Ba: 06:00–22:00 | Thứ Tư: 06:00–22:00 | Thứ Năm: 06:00–22:00 | Thứ Sáu: 06:00–22:00 | Thứ Bảy: 06:00–22:00 | Chủ Nhật: 06:00–22:00,06:00,22:00,71.42857142857143,15.22,32.6,0.0062,0.7294,0.2955,360,1320,60,True
Hương Quán,cafe,1,658,239100,84,,https://www.tiktok.com/@huongquandalat/video/7327856661815627015,Hương Quán có menu ăn trưa hay tối đều hợp lý #huongquan #huongquandalat #quanandalat #gadapludalat #antruadalat ,1,34.57,,Hương Quán Đà Lạt,ChIJt7_PtjltcTERUnl_BuvSlLc,"47B Trần Bình Trọng, Cam Ly - Đà Lạt, Lâm Đồng 67000, Việt Nam",11.9431031,108.4253607,4.1,1226,2,0896 133 299,,OPERATIONAL,Thứ Hai: 09:00–22:00 | Thứ Ba: 09:00–22:00 | Thứ Tư: 09:00–22:00 | Thứ Năm: 09:00–22:00 | Thứ Sáu: 09:00–22:00 | Thứ Bảy: 09:00–22:00 | Chủ Nhật: 09:00–22:00,09:00,22:00,100,39.57,29.16,0.0448,0.6525,0.2879,540,1320,60,True
Rừng Giao Hưởng,địa điểm checkin,1,3669,207000,8923,,https://www.tiktok.com/@runggiaohuong/video/7620294626150288660,"Ăn trưa ở Rừng Giao Hưởng kiểu: no bụng + no mắt + chill hết nấc 🌿

Đồ ăn nóng hổi, view thì “đỉnh của chóp” 

📍Nhớ ghé Rừng ăn trưa bạn nhé!

#runggiaohuong #cafedalat #dulichdalat #dalat #checkindalat ",1,34.37,,Rừng Giao Hưởng,ChIJEbceFtFtcTEREenDLhkzw_w,"1/3 Lâm Sinh, Cam Ly - Đà Lạt, Lâm Đồng, Việt Nam",11.941282,108.4064008,4.6,501,,0905 120 668,https://www.runggiaohuong.com/,OPERATIONAL,Thứ Hai: 08:00–17:00 | Thứ Ba: 08:00–17:00 | Thứ Tư: 08:00–17:00 | Thứ Năm: 08:00–17:00 | Thứ Sáu: 08:00–17:00 | Thứ Bảy: 08:00–17:00 | Chủ Nhật: 08:00–17:00,08:00,17:00,100,39.37,28.61,0.0445,0.6401,0.2827,480,1020,30,True
Quán cafe Cô Long,cafe,1,15200,756700,443900,110 k,https://www.tiktok.com/@bossnews.official/video/7628542421235666196,"Kiếm tiền gặp kiếm chuyện: Quán cafe Cô Long trên Đà Lạt bất ngờ bị nam du khách bóc phốt khinh người, bán 110 k cho một ly nước nhưng khách gọi thì làm lơ. CĐM đang nghi ngờ khách hàng này do quán bên cạnh thuê tới để phá quán #cafedalat #dalat #colongdalat #trending #bossnews ",1,100.87,,Cafe Long Hoa,ChIJJ7COzcMScTERIm0yWTtV9BY,"59 Vạn Hạnh, Lâm Viên - Đà Lạt, Lâm Đồng, Việt Nam",11.9641656,108.4481011,4.7,91,,0263 3553 685,,OPERATIONAL,Thứ Hai: Mở cửa cả ngày | Thứ Ba: Mở cửa cả ngày | Thứ Tư: Mở cửa cả ngày | Thứ Năm: Mở cửa cả ngày | Thứ Sáu: Mở cửa cả ngày | Thứ Bảy: Mở cửa cả ngày | Chủ Nhật: Mở cửa cả ngày,00:00,,66.66666666666667,105.87,21.25,0.15,0.4755,0.2802,0,,60,True
Pasta Fresca - Taste of Italy,cafe,1,3907,337700,1182,,https://www.tiktok.com/@pastabperdb/video/7586908704109350165,"Nếu muốn ăn pizza Ý thật sự... Hãy đến Pasta Fresca - Taste of Italy in Dalat! 🇮🇹
Chúng tôi cam kết: Lò củi thật, Chef Ý thật, hương vị Naples thật! Không phải trải nghiệm ""na ná""! ✨

#PastaFrescaDalat #viral #TasteOfItaly #DalatItalian #PizzaLoCui   ",1,47.68,,Pasta Fresca Da Lat,ChIJT3RAYAsTcTERNK3JwmKaavQ,"BL10, KQH Yersin, Ward 9, Lâm Viên - Đà Lạt, Lâm Đồng, Việt Nam",11.9468834,108.4550008,4.8,269,,0969 145 670,https://pastafrescasaigon.com/,OPERATIONAL,Thứ Hai: 10:30–22:00 | Thứ Ba: 10:30–22:00 | Thứ Tư: 10:30–22:00 | Thứ Năm: 10:30–22:00 | Thứ Sáu: 10:30–22:00 | Thứ Bảy: 10:30–22:00 | Chủ Nhật: 10:30–22:00,10:30,22:00,76.53846153846155,52.68,26.87,0.0656,0.6013,0.2799,630,1320,60,True
chợ mới Đà Lạt,chợ quán,1,21500,538200,207600,,https://www.tiktok.com/@didalatcungtruc/video/7606909036549688597,Ăn vặt khoai siêu dài và kem siêu sầu ở khu chợ mới Đà Lạt #anvatdalat #didalatcungtruc #isbtalents #reviewdalat #dalatreview ,1,85.32,,Chợ Mới Đà Lạt,ChIJz_bctigTcTERqSmbkab208Y,"Phan Bội Châu, Chợ mới center tần 2, Xuân Hương - Đà Lạt, Lâm Đồng, Việt Nam",11.9440837,108.4380385,4.1,259,,,http://vikingfashion.vn/,OPERATIONAL,Thứ Hai: Mở cửa cả ngày | Thứ Ba: Mở cửa cả ngày | Thứ Tư: Mở cửa cả ngày | Thứ Năm: Mở cửa cả ngày | Thứ Sáu: Mở cửa cả ngày | Thứ Bảy: Mở cửa cả ngày | Chủ Nhật: Mở cửa cả ngày,00:00,,100,90.32,22.8,0.1253,0.5101,0.2792,0,,45,True
Miền Du Mục,cafe,1,2038,113000,1838,"100,000 vietnamese dong ($3.80USD)",https://www.tiktok.com/@ericgoesto/video/7523077765306895646,"The best café in Da Lat, Vietnam 🇻🇳 is a MUST visit!

 📍Miền Du Mục
The entrance fee is 100,000 vietnamese dong ($3.80USD) and it comes with a coffee/drink of your choice. Its perfect for Instagram pictures 📸.

Don't forget to wear your best outfit ✨️ 

See you in Vietnam 😉

#MiềnDuMục #vietnamcafe #dalat #cafedalat #dalatvietnam #vietnamtravel #vietnamtrip  #vietnamese ",1,23.34,,Miền Du Mục,ChIJCxXHSAATcTER8dIMRnsMoJM,"Đường Lâm Văn Thạnh, Đà Lạt, Lâm Đồng, Việt Nam",11.940508,108.4848853,4.3,922,,,,OPERATIONAL,Thứ Hai: 05:00–21:00 | Thứ Ba: 05:00–21:00 | Thứ Tư: 05:00–21:00 | Thứ Năm: 05:00–21:00 | Thứ Sáu: 05:00–21:00 | Thứ Bảy: 05:00–21:00 | Chủ Nhật: 05:00–21:00,05:00,21:00,100,28.34,29.36,0.027,0.6569,0.279,300,1260,60,True
Chuồn Chuồn,địa điểm checkin,1,317,131700,26100,,https://www.tiktok.com/@chuonchuon.dalat/video/7529030112126242055,Điểm du lịch Chuồn Chuồn - Khu tổ hợp vui chơi siêu hot mùa hè này #dalat #travel #dalatreview #dulich #checkindalat #foryou #fyp #xuhuong #viral #explore,1,23.49,,Điểm Du Lịch Chuồn Chuồn,ChIJ90NvG51rcTERf0hpAjh8qsw,"217 thôn 5, Nam Ban Lâm Hà, Lâm Đồng, Việt Nam",11.8890463,108.3492731,4.3,900,,0702 882 299,https://www.facebook.com/DLChuonChuon,OPERATIONAL,Thứ Hai: 07:30–17:00 | Thứ Ba: 07:30–17:00 | Thứ Tư: 07:30–17:00 | Thứ Năm: 07:30–17:00 | Thứ Sáu: 07:30–17:00 | Thứ Bảy: 07:30–17:00 | Chủ Nhật: 07:30–17:00,07:30,17:00,77.85714285714286,28.49,29.26,0.0272,0.6546,0.2782,450,1020,30,True
Tiệm Cà phê bên Suối,cafe,1,126,4725,1099,,https://www.tiktok.com/@hoang.anh.822/video/7493011221671709983,"Tiệm Cà phê bên Suối #caphedalat #dalat #vietnamtrip #vietnam 
T#xuhuong #Americatiktok #tiktok",1,10.6,,Tiệm cà phê Nhà Bên Suối,ChIJn9aAZVwVcTERjo5E0d2uDKI,"3 Trúc Lâm Yên Tử, Xuân Hương - Đà Lạt, Lâm Đồng 670000, Việt Nam",11.9022833,108.444353,4.1,1311,2,34549887,https://top1dexuat.com/dia-chi-tiem-ca-phe-nha-ben-suoi-da-lat/,OPERATIONAL,Thứ Hai: 07:00–18:30 | Thứ Ba: 07:00–18:30 | Thứ Tư: 07:00–18:30 | Thứ Năm: 07:00–18:30 | Thứ Sáu: 07:00–18:30 | Thứ Bảy: 07:00–18:30 | Chủ Nhật: 07:00–18:30,07:00,18:30,90.9090909090909,15.6,29.44,0.0068,0.6586,0.2675,420,1110,60,True
The Lam,cafe,1,1465,84800,2454,,https://www.tiktok.com/@thelam35lytutrong/video/7638628543840275730,"🍲 Hè này đến Đà Lạt, Trưa thì ăn gì? Đến ngay The Lam để thưởng thức bữa cơm trưa chuẩn vị nhà
🌿 Không gian chill giữa rừng, thoáng đãng, vừa ăn vừa tận hưởng Đà Lạt mát lạnh bạn nha. 
📍 35 Lý Tự Trọng, Phường Xuân Hương, Đà Lạt.
#comtruathelam #thelamdalat #comnhadalat #anngondalat #xuhuong ",1,19.95,,The Lam,ChIJQ7IjLAATcTERBJCWUvkNW4U,"Đường Lý Tự Trọng/35 Cũ, Xuân Hương - Đà Lạt, Lâm Đồng, Việt Nam",11.9464031,108.438054,4.7,414,,0704 586 266,,OPERATIONAL,Thứ Hai: 04:00–21:30 | Thứ Ba: 04:00–21:30 | Thứ Tư: 04:00–21:30 | Thứ Năm: 04:00–21:30 | Thứ Sáu: 04:00–21:30 | Thứ Bảy: 04:00–21:30 | Chủ Nhật: 04:00–21:30,04:00,21:30,100,24.95,28.33,0.0216,0.634,0.2666,240,1290,60,True
Quán Cà phê Hoa Xương Rồng,cafe,1,1977,75100,184,,https://www.tiktok.com/@caphedalat01/video/7414005832070860040,"Quán Cà phê mới sắp khai trương tại Đà Lạt cực xịn! Chắc chắn sẽ là điểm check-in hot tại Đà Lạt vào dịp sắp tới.
📍Quán Cà phê Hoa Xương Rồng
#review #dalatreview #reviewdalat #caphe #cafe #coffee #cafedalat #coffeedalat #caphedalat #quancaphedalat #quancaphe #chill #chillmusic #vibes #goodvibes #dalat #dalatchill #quancaphehoaxuongrong #hoaxuongrong #xuhuong ",1,19.49,,Hoa Xương Rồng - Quán Cà Phê Trung Tâm TP Đà Lạt,ChIJj46WxHMTcTERcfvCk3rrwv0,"89 Hoàng Hoa Thám, Xuân Hương - Đà Lạt, Lâm Đồng 66117, Việt Nam",11.9337549,108.4652509,4.4,633,,0925 903 634,https://hoaxuongrong.vn/,OPERATIONAL,Thứ Hai: 06:30–22:00 | Thứ Ba: 06:30–22:00 | Thứ Tư: 06:30–22:00 | Thứ Năm: 06:30–22:00 | Thứ Sáu: 06:30–22:00 | Thứ Bảy: 06:30–22:00 | Chủ Nhật: 06:30–22:00,06:30,22:00,80.0,24.49,28.39,0.0209,0.6352,0.2666,390,1320,60,True
Tiệm cà phê Hoàng Hôn Chiều,cafe,1,50,900,63,,https://www.tiktok.com/@onenightstation/video/7551067372229102866,"Tiệm cà phê Hoàng Hôn Chiều
 📸 2024 Dec, 14
•
•
• 
#dalat #vietnam #เวียดนาม #ดาลัด #เที่ยวเวียดนาม ",1,10.14,,Tiệm cà phê Hoàng Hôn Chiều,ChIJefpt7bcTcTERPpkCD7MToVw,"Dốc số 9, Trại Mát, Xuân Trường - Đà Lạt, Lâm Đồng, Việt Nam",11.9402089,108.5079402,4.1,1186,,0902 266 398,https://m.facebook.com/tiemcapheHoangHonChieu/,OPERATIONAL,Thứ Hai: 05:00–20:00 | Thứ Ba: 05:00–20:00 | Thứ Tư: 05:00–20:00 | Thứ Năm: 05:00–20:00 | Thứ Sáu: 05:00–20:00 | Thứ Bảy: 05:00–20:00 | Chủ Nhật: 05:00–20:00,05:00,20:00,100,15.14,29.02,0.0061,0.6494,0.2634,300,1200,60,True
Tiệm Trà Phụng,cafe,1,578,13200,2567,,https://www.tiktok.com/@mylinhcute510/video/7634547284160122132,"Đi Đà Lạt uống trà sữa nướng + trái cây cùng tiệm trà Phụng ☕️🌲 

#dalat #tiemtraphung #caphedalat #reviewdalat #viral ",1,11.9,,Tiệm Trà Phụng Đà Lạt,ChIJNV9IKQATcTERswubg5OlsbY,"Hẻm 59 Đống Đa, Xuân Hương - Đà Lạt, Lâm Đồng 66000, Việt Nam",11.9202979,108.4411736,4.2,720,,0917 761 486,https://www.facebook.com/tiemtraphungdalat,OPERATIONAL,Thứ Hai: 13:00–22:00 | Thứ Ba: 13:00–22:00 | Thứ Tư: 13:00–22:00 | Thứ Năm: 13:00–22:00 | Thứ Sáu: 13:00–23:00 | Thứ Bảy: 13:00–23:00 | Chủ Nhật: 13:00–23:00,13:00,23:00,100,16.9,27.64,0.0088,0.6184,0.2527,780,1380,60,True
Trạm Nắng,địa điểm checkin,1,32,741,6,,https://www.tiktok.com/@tramnangvuaanvuachill/video/7638631491089501458,"Đón hoàng hôn tại Trạm Nắng 😋
#tramnang #tramnangbbq #dalatangi #quannuongdalat #tramnangdalat",1,10.11,,Trạm Nắng BBQ & More,ChIJTRf1-0QTcTERjNqAvGPwKP0,"18 Đường Đống Đa, Xuân Hương - Đà Lạt, Lâm Đồng 670000, Việt Nam",11.9270808,108.4409492,4.5,480,,0865 751 768,,OPERATIONAL,Thứ Hai: 15:00–22:00 | Thứ Ba: 15:00–22:00 | Thứ Tư: 15:00–22:00 | Thứ Năm: 15:00–22:00 | Thứ Sáu: 15:00–22:00 | Thứ Bảy: 15:00–22:00 | Chủ Nhật: 15:00–22:00,15:00,22:00,81.66666666666667,15.11,27.79,0.006,0.6219,0.2523,900,1320,30,True
Cây Cam Ngọt,cafe,1,15,177,123,,https://www.tiktok.com/@trangduongnehehe/video/7638165648136260884,Dẫn con gái nhỏ đi quán Cây Cam Ngọt mà mẹ thích 🍊 #mothersday #caycamngot #dalat ,1,10.03,,Cây Cam Ngọt,ChIJe4V0x-ATcTERHbSqtwLpzQA,"Hẻm 57 Khe Sanh, Xuân Hương - Đà Lạt, Lâm Đồng, Việt Nam",11.9274805,108.4618828,4.8,311,,0966 936 938,https://www.facebook.com/caycamngot.dalat?mibextid=LQQJ4d,OPERATIONAL,Thứ Hai: 07:30–18:00 | Thứ Ba: 07:30–18:00 | Thứ Tư: 07:30–18:00 | Thứ Năm: 07:30–18:00 | Thứ Sáu: 07:30–18:00 | Thứ Bảy: 07:30–18:00 | Chủ Nhật: 07:30–18:00,07:30,18:00,100,15.03,27.57,0.0059,0.6168,0.2503,450,1080,60,True
Al Dente,nhà hàng,1,917,42400,11300,,https://www.tiktok.com/@omsaonoi/video/7496113004753423624,Al Dente nhà hàng Ý mới mở tại Đà Lạt - tập 17 series ăn gì mùa lễ #omsaonoi #italycuisine #diadiemanuong #dalatreview #creatorsearchinsights ,1,15.16,,Aldente DaLat,ChIJlYjBtmYTcTERxDnFGGw7-EY,"49/23/3, Đ. Phạm Hồng Thái, Xuân Hương - Đà Lạt, Lâm Đồng 670000, Việt Nam",11.9431238,108.4594517,5,218,,0817 511 422,,OPERATIONAL,Thứ Hai: 18:00–22:00 | Thứ Ba: 18:00–22:00 | Thứ Tư: 18:00–22:00 | Thứ Năm: 18:00–22:00 | Thứ Sáu: 18:00–22:00 | Thứ Bảy: 18:00–22:00 | Chủ Nhật: 18:00–22:00,18:00,22:00,93.33333333333333,20.16,26.95,0.014,0.6029,0.2496,1080,1320,60,True
Ngôi nhà gỗ,homestay,1,820,114200,206400,,https://www.tiktok.com/@dichoicunghuy/video/7370692052352306439,Ngôi nhà gỗ bé xinh nằm giữa đồi thông Đà Lạt. #homestay #staycation #dalat ,1,22.24,,Nhà Mái Ngói,ChIJu6z017VtcTERCzfUnoxfbeU,"51/1 Đ. Yết Kiêu, Cam Ly - Đà Lạt, Lâm Đồng 66000, Việt Nam",11.9489301,108.4255335,4.8,176,,,https://instagram.com/nhamaingoi.coffee,OPERATIONAL,Thứ Hai: 17:00–17:30 | Thứ Ba: 17:00–17:30 | Thứ Tư: 17:00–17:30 | Thứ Năm: 17:00–17:30 | Thứ Sáu: 17:00–17:30 | Thứ Bảy: 17:00–17:30 | Chủ Nhật: 17:00–17:30,17:00,17:30,69.56521739130434,27.24,24.85,0.0252,0.5559,0.2375,1020,1050,0,False
đồi Hòn Bồ,thiên nhiên,1,10,521,962,,https://www.tiktok.com/@huuhoang27/video/7615615255854599432,"Test Cam Mi15u ngày và đêm tại đồi Hòn Bồ Đà Lạt, xin lỗi trước vì mình không biết chụp 😅 #xiaomi #cảnhđẹpthiênnhiên  #dalat #tym #xăng ",1,10.06,,Núi Hòn Bồ,ChIJb8sML28ScTERoZjuRE044Xk,"30 dốc hòn bồ, Lâm Viên - Đà Lạt, Lâm Đồng, Việt Nam",11.9736875,108.4894375,4.6,285,,0796 598 957,,OPERATIONAL,Thứ Hai: Mở cửa cả ngày | Thứ Ba: Mở cửa cả ngày | Thứ Tư: Mở cửa cả ngày | Thứ Năm: Mở cửa cả ngày | Thứ Sáu: Mở cửa cả ngày | Thứ Bảy: Mở cửa cả ngày | Chủ Nhật: Mở cửa cả ngày,00:00,,80.0,15.06,26.02,0.0059,0.5822,0.2364,0,,90,True
Banh Mi,khác,1,12,60,161,,https://www.tiktok.com/@cheftybeh/video/7345600548818767137,The best Banh Mi in Dalat,1,10.02,,Bánh Căn Mi,ChIJ6xcVPKYTcTERZP842PHFE64,"5/33 Yersin, Xuân Hương - Đà Lạt, Lâm Đồng, Việt Nam",11.9423839,108.4507468,4.6,252,,0989 688 711,,OPERATIONAL,Thứ Hai: 06:00–12:00 | Thứ Ba: 06:00–12:00 | Thứ Tư: 06:00–12:00 | Thứ Năm: 06:00–12:00 | Thứ Sáu: 06:00–12:00 | Thứ Bảy: 06:00–12:00 | Chủ Nhật: 06:00–12:00,06:00,12:00,66.66666666666667,15.02,25.45,0.0059,0.5695,0.2313,360,720,45,True
LIMI WORLD,địa điểm checkin,1,20,1441,0,,https://www.tiktok.com/@quanthedulichpini/video/7433598646714748177,"🌟 LIMI WORLD 🌟 – Thiên đường vui chơi tuyệt vời cho các bé tại Pi Ni Đà Lạt! 🎡
Đến LIMI WORLD, các bé sẽ được thỏa sức khám phá thế giới trò chơi đầy màu sắc với vô vàn hoạt động lý thú và sáng tạo. Đây không chỉ là nơi vui chơi mà còn giúp các bé phát triển kỹ năng và khám phá bản thân qua từng trò chơi hấp dẫn! 🎨🎠
👨‍👩‍👧‍👦 Hãy đến Pi Ni và mang lại cho bé những kỷ niệm đáng nhớ tại LIMI WORLD – nơi bé thỏa sức vui chơi và học hỏi! 🌈💖
-------------------------------
💞𝓠𝓾𝓪̂̀𝓷 𝓣𝓱𝓮̂̉ 𝓚𝓱𝓾 𝓓𝓾 𝓛𝓲̣𝓬𝓱 𝓟𝓲 𝓝𝓲 Đ𝓪̀ 𝓛𝓪̣𝓽💞
𝐴𝑑𝑑: thôn Đạ Nghịt, xã Lát, huyện Lạc Dương, tỉnh Lâm Đồng
𝐻𝑜𝑡𝑙𝑖𝑛𝑒: 02633 733888
#KDLPiNi #DulichDaLat #khamphadalat #xh #xuhuong2024tiktok❤️🌈✔️ #xuhuong2024 #dulich #dulichdalat2024 #xuhuong2024❤️ #DaLat #baby #playstation #kids #playground",1,10.16,,3D World Da Lat,ChIJ-eX6my4TcTEResLMrUcQez8,"03 Đ. Lê Thị Hồng Gấm, Xuân Hương - Đà Lạt, Lâm Đồng 670000, Việt Nam",11.9423551,108.4378273,4.4,313,,0263 3546 546,https://www.facebook.com/thegioichuphinh3d,OPERATIONAL,Thứ Hai: 08:00–20:00 | Thứ Ba: 08:00–20:00 | Thứ Tư: 08:00–20:00 | Thứ Năm: 08:00–20:00 | Thứ Sáu: 08:00–20:00 | Thứ Bảy: 08:00–20:00 | Chủ Nhật: 08:00–20:00,08:00,20:00,66.66666666666667,15.16,25.3,0.0061,0.566,0.2301,480,1200,30,True
Cơm tấm,khác,1,221,11000,770400,#giabaojewelry #congtyvangbacgiabao,https://www.tiktok.com/@congtyvangbacgiabao/video/7636600240900164871,Cơm tấm ngon Đà Lạt #giabaojewelry #congtyvangbacgiabao ,0,11.32,,Cơm tấm Mơ,ChIJmwk5MAATcTER85ErV8oUSCs,"21 Nguyễn Trãi, Xuân Hương - Đà Lạt, Lâm Đồng 66000, Việt Nam",11.942037,108.4528691,4.8,197,,0948 723 579,,OPERATIONAL,Thứ Hai: 06:00–20:30 | Thứ Ba: 06:00–20:30 | Thứ Tư: 06:00–20:30 | Thứ Năm: 06:00–20:30 | Thứ Sáu: 06:00–21:30 | Thứ Bảy: 06:00–20:30 | Chủ Nhật: 06:00–20:30,06:00,20:30,97.35294117647058,11.32,25.38,0.0,0.568,0.2272,360,1230,45,True
cafe Vùng Ngoại Ô,cafe,2,254,3324,880,,https://www.tiktok.com/@vuunique/video/7636290608453225748,Cafe Vùng Ngoại Ô . Một chiếc cafe làm rung động những tâm hồn mơ mộng ở Đà Lạt @Tiệm cà phê Vùng Ngoại Ô #dalattrip #dalat2024 #dalatstory #vungngoaiodalat #xuhuong #fyp ,2,20.59,,Nhà Của Ngoại cafe,ChIJ7ceJmS9tcTER5COtIt4_bvk,"25 Đan Kia, Lang Biang - Đà Lạt, Lâm Đồng 66107, Việt Nam",11.9792306,108.4178844,4.9,112,,0988 925 055,https://www.facebook.com/NhaCuaNgoaiCafe,OPERATIONAL,Thứ Hai: 07:00–22:00 | Thứ Ba: 07:00–22:00 | Thứ Tư: 07:00–22:00 | Thứ Năm: 07:00–22:00 | Thứ Sáu: 07:00–22:00 | Thứ Bảy: 07:00–22:00 | Chủ Nhật: 07:00–22:00,07:00,22:00,68.57142857142857,30.59,23.16,0.0306,0.5183,0.2257,420,1320,60,True
Cơm Nhà Thông,chợ quán,1,3634,303500,207600,,https://www.tiktok.com/@didalatcungtruc/video/7581337529404869909,"Tiệm cơm trưa view thông xanh ngát ở Đà Lạt, Cơm Nhà Thông gần trung tâm #comnhathong #antruadalat #comdalat #isbtalents #didalatcungtruc #reviewdalat #ancungtiktok ",1,43.98,,Cơm Nhà Thông,ChIJ79qRLwATcTER04zTN1jXIxA,"19 Đường Đặng Thái Thân, Xuân Hương - Đà Lạt, Lâm Đồng 670000, Việt Nam",11.9292665,108.4490897,4.5,103,,0377 703 151,,OPERATIONAL,Thứ Hai: 10:30–17:00 | Thứ Ba: 10:30–17:00 | Thứ Tư: 10:30–17:00 | Thứ Năm: 10:30–17:00 | Thứ Sáu: 10:30–17:00 | Thứ Bảy: 10:30–17:00 | Chủ Nhật: 10:30–17:00,10:30,17:00,100,48.98,20.9,0.0597,0.4676,0.2229,630,1020,45,True
Cafe Nhâm,cafe,1,871,50400,5758,,https://www.tiktok.com/@mehuyencunglucie/video/7635882805779614996,"Cafe Nhâm khu Thảo Điền, có bể cá cho các Em bé xem nữa nè, quán này rộng lắm, ổn nha các Mẹ #nhamcafe #khuvuichoi #cafekid #diadiemvuichoi #xuhuong ",1,15.91,,Hoa cafe,ChIJqRYAMxETcTERVxNk_i_5U3A,"49/23/3, Đ. Phạm Hồng Thái, Xuân Hương - Đà Lạt, Lâm Đồng, Việt Nam",11.9431597,108.459456,4.7,152,,0937 071 761,,OPERATIONAL,Thứ Hai: 07:30–17:00 | Thứ Ba: 07:30–17:00 | Thứ Tư: Đóng cửa | Thứ Năm: 07:30–17:00 | Thứ Sáu: 07:30–17:00 | Thứ Bảy: 07:30–17:00 | Chủ Nhật: 07:30–17:00,07:30,17:00,70.58823529411764,20.91,23.64,0.0152,0.529,0.2207,450,1020,60,True
Vị Nhà,quán com,2,25155,481700,638,,https://www.tiktok.com/@vinhatiemcomdalat/video/7637004051611127047,"Người ta đi Đà Lạt để chill, còn mình ghé Vị Nhà để...ăn cơm như ở nhà. Đơn giản thôi, nhưng lại thấy dễ chịu đến lạ. 
#tiemcomvinha #comtruadalat #quancomdalat #dalat ",2,93.33,,Tiệm Cơm Vị Nhà - Đà Lạt,ChIJdSTvEaFtcTER6QyexjqIpaw,"87 Đường Tô Hiến Thành, Xuân Hương - Đà Lạt, Lâm Đồng 66000, Việt Nam",11.9284242,108.4432594,4.8,19,,0918 634 961,,OPERATIONAL,Thứ Hai: 06:00–16:00 | Thứ Ba: 06:00–16:00 | Thứ Tư: 06:00–16:00 | Thứ Năm: 06:00–16:00 | Thứ Sáu: 06:00–16:00 | Thứ Bảy: 06:00–16:00 | Chủ Nhật: 06:00–16:00,06:00,16:00,72.14285714285714,103.33,14.38,0.1459,0.3218,0.2163,360,960,45,True
Bánh Tráng Nướng Đà Lạt,khác,1,10300,399900,59800,,https://www.tiktok.com/@hoanganhdidau/video/7592237795184348424,Tiệm nướng local ở Đà Lạt 😋😋😋 #hoanganhdidau #donuongdalat ,1,60.29,,Bánh tráng nướng 68 Đà Lạt,ChIJFfLlamgTcTERvftAs5J5CJU,"57 Đ. Phạm Hồng Thái, Xuân Hương - Đà Lạt, Lâm Đồng 67000, Việt Nam",11.9397237,108.4555282,4.9,42,,0812 336 374,,OPERATIONAL,Thứ Hai: 09:00–23:00 | Thứ Ba: 09:00–23:00 | Thứ Tư: 09:00–23:00 | Thứ Năm: 09:00–23:00 | Thứ Sáu: 09:00–23:00 | Thứ Bảy: 09:00–23:00 | Chủ Nhật: 09:00–23:00,09:00,23:00,100,65.29,18.43,0.0856,0.4124,0.2163,540,1380,45,True
Quán ăn local,khác,1,3606,294400,315300,,https://www.tiktok.com/@bananzidong/video/7585781503339138311,"Quán ăn local ở Đà Lạt món ăn chất lượng, không khí vui vẻ. #banandalat #ancungtiktok ",0,43.05,,Quán Ăn Ngon Đà Lạt,ChIJaa9b_u5tcTERo150_4pbFAM,"A22 Đường Trần Lê, Phường 4, Đà Lạt, Lâm Đồng 66115, Xuân Hương - Đà Lạt, Lâm Đồng 66116, Việt Nam",11.9373851,108.4279564,4.7,67,,0344 447 886,https://www.facebook.com/profile.php?id=100063551111664,OPERATIONAL,Thứ Hai: 11:00–02:00 | Thứ Ba: 11:00–02:00 | Thứ Tư: 11:00–02:00 | Thứ Năm: 11:00–02:00 | Thứ Sáu: 11:00–02:00 | Thứ Bảy: 11:00–02:00 | Chủ Nhật: 11:00–02:00,11:00,02:00,72.0,43.05,19.83,0.0503,0.4437,0.2077,660,1560,45,True
Da Hiông,địa điểm checkin,1,7033,283900,440,,https://www.tiktok.com/@gia_phu_10/video/7638584137577745680,Hướng dẫn đường tới rừng thông thác 7 tầng Đà Lạt | Nơi có ngọn thác 7 tầng nằm sâu trong rừng thông. Thác này mình thấy trên map để là Thác Da Hiông. Cung đường đi tới đây rất mát và đẹp. Video này hướng dẫn mọi người đoạn đường chạy xe máy. Đoạn còn lại mình sẽ đi bộ mình up video sau nha. Mọi người có dịp trải nghiệm nha! #Phudidaudo #thac7tang #dalat,1,45.42,Thác Da Hiông,Thác Da Hiông,ChIJAVDV10YXcTERVMVdFUdyVaY,"RGMF+FFF, Unnamed, Road, Xuân Trường - Đà Lạt, Lâm Đồng, Việt Nam",11.8336788,108.5236801,4.5,63,,,,OPERATIONAL,,,,91.19047619047619,50.42,18.71,0.062,0.4188,0.2047,,,30,True
Pizza,khác,1,850,32300,679,,https://www.tiktok.com/@emanday_2/video/7637097038471105813,Đi ăn Pizza ở Đức Trọng cùng Anh nha 🫶🏻#pizza #anvatductrong #anvatdalat #ductrong #dalat ,0,14.08,,Pizza DALAT 24H,ChIJa9RZeywTcTERE3xaPI-uId8,"60 Hải Thượng, Cam Ly - Đà Lạt, Lâm Đồng 670000, Việt Nam",11.9437999,108.4309361,4.3,186,,0941 919 999,https://www.foody.vn/lam-dong/pizza-dalat-24h,OPERATIONAL,Thứ Hai: 08:00–23:59 | Thứ Ba: 08:00–23:59 | Thứ Tư: 08:00–23:59 | Thứ Năm: 08:00–23:59 | Thứ Sáu: 08:00–23:59 | Thứ Bảy: 08:00–23:59 | Chủ Nhật: 08:00–23:59,08:00,23:59,86.42857142857143,14.08,22.49,0.0044,0.5033,0.204,480,1439,45,True
Rừng Thông Đà Lạt,thiên nhiên,1,1389,58800,111100,,https://www.tiktok.com/@nhanphepha/video/7625482548088442132,"Trải nghiệm đạp xe, chèo sup, camp giữa rừng thông Đà Lạt #dalat #nhanphepha #chill #rungthongdalat ",1,17.27,,Rừng thông,ChIJoX7631BrcTER-n9ujZYy0u0,"VCQ6+VJH, Xuân Hương - Đà Lạt, Lâm Đồng, Việt Nam",11.8896927,108.4115993,4.6,108,,,,OPERATIONAL,Thứ Hai: Mở cửa cả ngày | Thứ Ba: Mở cửa cả ngày | Thứ Tư: Mở cửa cả ngày | Thứ Năm: Mở cửa cả ngày | Thứ Sáu: Mở cửa cả ngày | Thứ Bảy: Mở cửa cả ngày | Chủ Nhật: Mở cửa cả ngày,00:00,,100,22.27,21.58,0.0174,0.4829,0.2036,0,,90,True
Almira home,homestay,1,895,28200,6564,,https://www.tiktok.com/@kunlogg/video/7604691518573563156,"Một chiếc home ngắm hoàng hôn tui tâm đắc ở Đà Lạt | Almira home ⛅️
#homestay #dalat ",1,13.71,,Almira Home Da Lat,ChIJbUj-whgTcTERY5HNnik84N4,"Hẻm 39 Ngô Quyền, Cam Ly - Đà Lạt, Lâm Đồng 67000, Việt Nam",11.9509232,108.4297982,5,76,,0343 877 811,https://booking.getbestbooking.com/?ht=6416&lang=vi-VN&curency=VND,OPERATIONAL,,,,100,18.71,21.72,0.0117,0.486,0.2014,,,0,False
Petit à petit,cafe,1,1467,60200,182,,https://www.tiktok.com/@petitapetit18b/video/7325010893652102402,Petit à petit quán cà phê tại Đà Lạt sắp Grand Opening vào 18/01/2024 mời các bạn đến với chúng mình nhé 🩷 #dalat #caphedalat #cafechill #cafexinh #cafesongao #reviewcafe ,1,17.49,,Petit à petit,ChIJQ4e2sVkTcTERERSOjxsOhIA,"18B Hẻm 21 Mai Hắc Đế, Cam Ly - Đà Lạt, Lâm Đồng, Việt Nam",11.9485783,108.4298515,4.9,73,,0349 775 120,https://www.facebook.com/profile.php?id=61554814723060,OPERATIONAL,Thứ Hai: 08:00–22:00 | Thứ Ba: 08:00–22:00 | Thứ Tư: 08:00–22:00 | Thứ Năm: 08:00–22:00 | Thứ Sáu: 08:00–22:00 | Thứ Bảy: 08:00–22:00 | Chủ Nhật: 08:00–22:00,08:00,22:00,100,22.49,21.09,0.0177,0.4719,0.1994,480,1320,60,True
Quán cơm niêu,chợ quán,1,11600,363300,342700,đắt,https://www.tiktok.com/@tranliendoanh_99/video/7525430430599007496,"Quán cơm niêu ngon cho mọi người khi đi Tà Nung, Đà Lạt nè #comnieudanhtien #comnieudalat #dalatangi #tanung #dalat #reviewdalat ",1,57.93,,Quán Cơm Niêu Như Ngọc,ChIJiQZwGi8TcTERjP-QvBkDWCQ,"6 Đường Nguyễn Thị Minh Khai, Xuân Hương - Đà Lạt, Lâm Đồng, Việt Nam",11.9419785,108.4373147,3.5,119,,0263 3822 651,,OPERATIONAL,Thứ Hai: 06:00–20:00 | Thứ Ba: 06:00–20:00 | Thứ Tư: 06:00–20:00 | Thứ Năm: 06:00–20:00 | Thứ Sáu: 06:00–20:00 | Thứ Bảy: 06:00–20:00 | Chủ Nhật: 06:00–20:00,06:00,20:00,89.28571428571429,62.93,16.76,0.0819,0.3749,0.1991,360,1200,45,True
Vũ Homestay Đà Lạt,homestay,1,24,304,3885,"3.x.x – 4.x.x /đêm, 5.x.x – 7.x.x /đêm",https://www.tiktok.com/@vuhomestaydalat25/video/7585116320832752903,"🌿 Sen đá ở Đà Lạt – nhỏ xíu nhưng bền bỉ.
Giữa tiết trời se lạnh và nắng nhẹ, những chậu sen đá nằm yên bên hiên nhà, không cần chăm nhiều nhưng lúc nào cũng xanh. Sen đá ở Đà Lạt nhìn vậy mà rất có hồn, chậm rãi và bình thản như chính nhịp sống nơi đây.

Người ta hay nói sen đá giống con người ở Đà Lạt:
ít nói, không ồn ào, nhưng sống rất lâu và rất bền. Chỉ cần đặt cạnh cửa sổ, có nắng sáng chiếu vào là đủ để thấy một góc nhỏ bình yên.

Đà Lạt có nhiều điều giản dị như thế —
một chậu sen đá, một buổi sáng lạnh, một căn phòng nhìn ra thành phố.

Nếu anh/chị ghé Đà Lạt và muốn tìm một nơi ở yên tĩnh:

🏡 Vũ Homestay Đà Lạt – nhà gỗ vintage, phòng view kính – ban công nhìn thành phố
📍 25/34/3 Nhà Chung – Phường Xuân Hương (Phường 3 cũ)
🌸 Phòng đơn: 3.x.x – 4.x.x /đêm
🌸 Phòng đôi: 5.x.x – 7.x.x /đêm
👥 Nhận 8–12 người
🔥 Có bếp nấu & bếp nướng BBQ
🚲 Cho thuê xe máy
📞 0375.446.420 – 0399.506.311

Có những thứ nhỏ bé ở Đà Lạt,
nhưng lại làm người ta nhớ rất lâu 🌿

⸻

#SenDaDaLat #VuHomestayDaLat
#DaLatSongCham #HomestayDaLat
#GocNhoDaLat #DaLatMuaLanh",1,10.05,,Vũ Homestay Đà Lạt,ChIJKWU9c7MTcTERRTleY4nZVI8,"25/34/3, Đường Nhà Chung, Xuân Hương - Đà Lạt, Lâm Đồng 670000, Việt Nam",11.9331851,108.4382726,4.9,74,,0375 446 420,,OPERATIONAL,,,,100,15.05,21.16,0.0059,0.4734,0.1929,,,0,False
Một Bữa Cơm,cafe,1,113,16600,803,,https://www.tiktok.com/@motbuacom.dl/video/7587392658046569748,Tại sao nên ghé Một Bữa Cơm vào dịp lễ tết sắp tới #antruadalat #dalat #1phutdalat #motbuacom #comnha #comtrua #dalatangi #xuhuong ,1,11.77,,Một Bữa Cơm,ChIJ3xA_HwATcTERawPFD9QnDqE,"WCFV+HW2, Xuân Hương - Đà Lạt, Lâm Đồng 66116, Việt Nam",11.9239543,108.4447926,4.3,117,,0903 660 376,,OPERATIONAL,Thứ Hai: 10:00–14:00 | Thứ Ba: 10:00–14:00 | Thứ Tư: 10:00–14:00 | Thứ Năm: 10:00–14:00 | Thứ Sáu: 10:00–14:00 | Thứ Bảy: 10:00–14:00 | Chủ Nhật: 10:00–14:00,10:00,14:00,100,16.77,20.51,0.0086,0.459,0.1888,600,840,60,True
Quán cơm gà,cà phê | nhà hàng,1,860,43000,111100,,https://www.tiktok.com/@nhanphepha/video/7620048187281263893,Quán cơm gà ngon ở Đà Lạt #dalat #nhanphepha #comgakuboc #quananngon #quanandalat ,1,15.16,,Quán Cơm Gà Xối Mỡ Như Ý,ChIJB_QVftcScTERaSBfqqpX3FI,"199 Đ. Bùi Thị Xuân, Lâm Viên - Đà Lạt, Lâm Đồng, Việt Nam",11.9522048,108.439276,4.3,80,,0965 317 042,,OPERATIONAL,Thứ Hai: Mở cửa cả ngày | Thứ Ba: Mở cửa cả ngày | Thứ Tư: Mở cửa cả ngày | Thứ Năm: Mở cửa cả ngày | Thứ Sáu: Mở cửa cả ngày | Thứ Bảy: Mở cửa cả ngày | Chủ Nhật: Mở cửa cả ngày,00:00,,77.85714285714286,20.16,18.9,0.014,0.4228,0.1775,0,,45,True
De Ma’at Villa,homestay,1,12700,487000,33700,,https://www.tiktok.com/@nhatzzii/video/7360962928993914130,"📍De Ma’at Villa - Đà Lạt

Khu villa này gồm 3 căn theo 3 concept, căn của mình tên Vintage . Một căn nhà tone ấm tràn ngập ánh nắng tự nhiên, bao phủ xung quanh là bìa rừng xanh ngời, cả ngày gió đìu hiu chim hót líu lo nó chill dữ luôn 🥲

#dalat #travel #checkinvietnam #photoshoot #dalatcoffee #coffee #cafe #trip #dalathomestay #dalatreview #fyp #xh #xuhuong #viral #dalattrip #workshop #demaatvilladalat ",1,71.4,,De Ma’at Villa Đà Lạt,ChIJZ2CVADATcTERuMzThZ0MO2s,"5/5, Khe Sanh, Xuân Hương - Đà Lạt, Lâm Đồng, Việt Nam",11.936798,108.4593758,4.1,21,,0911 944 911,https://www.facebook.com/demaatVilla,OPERATIONAL,Thứ Hai: Mở cửa cả ngày | Thứ Ba: Mở cửa cả ngày | Thứ Tư: Mở cửa cả ngày | Thứ Năm: Mở cửa cả ngày | Thứ Sáu: Mở cửa cả ngày | Thứ Bảy: Mở cửa cả ngày | Chủ Nhật: Mở cửa cả ngày,00:00,,100,76.4,12.67,0.1032,0.2836,0.1754,0,,0,False
Thác Voi,địa điểm checkin,1,101,4368,29200,,https://www.tiktok.com/@tuandatvendalat/video/7583615500593138964,"Thác Voi là cả nhà , ngoại ô Đà Lạt nhé ☘️☘️ #thacvoi #vendalat #namban #dalat #linhantu ",1,10.54,,Thác Voi,ChIJoxDbRf5BcTERi7FL1XsaLU8,"Thác Voi, Nam Ban Lâm Hà, Lâm Đồng, Việt Nam",11.8230091,108.3364973,3.9,125,,,,,,,,100,15.54,18.86,0.0067,0.422,0.1728,,,30,True
Đỉnh Langbiang,thiên nhiên,2,3147,66982,330,,https://www.tiktok.com/@dicungmonn/video/7638627134801480981,Chinh phục đỉnh LangBiangg #trekking #dallas #outfit #salomon #langbiang ,2,29.85,,Đỉnh Langbiang,ChIJMxXpEgANcTER1swISXhp4lA,"2CWR+X7, Lang Biang - Đà Lạt, Lâm Đồng, Việt Nam",12.0474337,108.4407372,4.6,32,,,,OPERATIONAL,,,,100,39.85,16.08,0.0452,0.3599,0.1711,,,90,True
Ò Ó Coffee & Tea,cafe,2,12039,299200,7891,,https://www.tiktok.com/@oocoffeeandtea/video/7441405361145367816,"Trời lạnh dễ catch a chill, cần người bên cạnh, teach me cách được iuuuuuu. Ò Ó Coffee & Tea, số 18 hẻm 1 Đặng Thái Thân p3 tp Đà Lạt. #dalat #caphe #coffee #caphedalat #dalatcaphe #coffeedalat #quotes ",2,61.96,,Ò Ó coffee & tea,ChIJf6oafAATcTER1PLOe4fELTI,"18 Đường Đặng Thái Thân, Xuân Hương - Đà Lạt, Lâm Đồng, Việt Nam",11.9316258,108.4524659,5,11,,0589 250 901,,OPERATIONAL,Thứ Hai: 06:00–21:30 | Thứ Ba: 06:00–21:30 | Thứ Tư: 06:00–21:30 | Thứ Năm: 06:00–21:30 | Thứ Sáu: 06:00–21:30 | Thứ Bảy: 06:00–21:30 | Chủ Nhật: 06:00–21:30,06:00,21:30,100,71.96,12.42,0.0962,0.278,0.1689,360,1290,60,True
bánh mì Nga Đà Lạt,chợ quán,1,1480,81400,973,,https://www.tiktok.com/@makeuptamle/video/7021818490617187611,Ghé thăm bánh mì Nga Đà Lạt 🥖 thèm quá 😣#banhmidalat #anvatdalat #dalat #dalattrip #anngondalat #foodydalat #dalatreview #amthucdalat,1,19.62,,Bánh mì gà Nga 2,ChIJHdI365MTcTERaXV1R1wmsC4,"153 Phan Đình Phùng, Xuân Hương - Đà Lạt, Lâm Đồng, Việt Nam",11.9458174,108.4345469,4.3,44,,,,OPERATIONAL,,,,81.4814814814815,24.62,16.37,0.0211,0.3663,0.1592,,,45,True
Timi Boutique Stay Đà Lạt,homestay,1,7515,190000,13200,chăm cơ,https://www.tiktok.com/@linnsharinghomedalat/video/7633422888690928903,"Làm s mà kiếm đc cái phòng cách 
quảng trường Đà Lạt 500m
Có view, có bồn tắm
Giá lại còn nằm ở hàng chăm cơ chứ @Timi Boutique Stay Đà Lạt #homestaydalat #dalat #linnsharinghomedalat #timiboutiquestay #cuoituanlinndidalatnha ",1,36.52,,Timi Boutique Stay,ChIJK_YI4sMTcTER5Y9XWmA2fJc,"BL04 KQH, Thái Lâm Đường Nguyễn Trung Trực, Xuân Hương - Đà Lạt, Lâm Đồng 66122, Việt Nam",11.9290785,108.4360206,5,17,,0776 986 385,,OPERATIONAL,,,,100,41.52,14.45,0.0479,0.3234,0.1581,,,0,False
Tiệm ăn vặt ở Đà Lạt,chợ quán,1,2946,109500,207600,,https://www.tiktok.com/@didalatcungtruc/video/7583956254150659348,"Tiệm ăn vặt ở Đà Lạt, có các món gà rán sốt ngon #anvatdalat #garandalat #isbtalents #didalatcungtruc #reviewdalat #ancungtiktok #monngondalat ",1,23.9,,Ăn vặt NiON,ChIJP01sVRsTcTERN1vSHj1vUn0,"17, 21 Đ. Hùng Vương, Xuân Hương - Đà Lạt, Lâm Đồng, Việt Nam",11.9431098,108.4616628,4.9,22,,0396 479 727,,OPERATIONAL,Thứ Hai: 08:00–22:00 | Thứ Ba: 08:00–22:00 | Thứ Tư: 08:00–22:00 | Thứ Năm: 08:00–22:00 | Thứ Sáu: 08:00–22:00 | Thứ Bảy: 08:00–22:00 | Chủ Nhật: 08:00–22:00,08:00,22:00,66.66666666666667,28.9,15.36,0.0279,0.3438,0.1542,480,1320,45,True
Tháp Vinaphone,địa điểm checkin,1,176,4963,77200,,https://www.tiktok.com/@tiemnuongchillxomleo/video/7639607677848472850,Đi Đà Lạt phải 1 lần checkin Tháp Vinaphone và ăn nướng săn tàu cùng nhau #dalat #tiemnuongchillxomleo #dalattrip #buoitoidalat #xomleo ,1,10.67,,Tháp Vinaphone Đà Lạt,ChIJMSk9bAATcTERxhaKDqIC2rQ,"1/12 Hồ Tùng Mậu, Xuân Hương - Đà Lạt, Lâm Đồng, Việt Nam",11.9373658,108.4385854,4.9,23,,,,OPERATIONAL,,,,100,15.67,15.57,0.0069,0.3484,0.1435,,,30,True
bánh canh chả cá,chợ quán,1,918,46100,12600,$1.50 yummy,https://www.tiktok.com/@minutemuncher/video/7433442583302425898,$1.50 yummy bánh canh chả cá in Da Lat. Must try in the upstairs food court! #vietnam #vietfood #vietnamesestreetfood #vietnamesemukbang #whattoeatinvietnam #vietfoodie #vietnamesefood #minutemuncher ,1,15.53,,BÁNH CANH CHẢ CÁ TY - ĐÀ LẠT,ChIJsU4UQYMTcTERMmP1X_JH4Z4,"35/8 Trần Khánh Dư, Lâm Viên - Đà Lạt, Lâm Đồng 670000, Việt Nam",11.9575875,108.4401864,4.9,19,,0983 371 046,,OPERATIONAL,Thứ Hai: 15:00–21:00 | Thứ Ba: 15:00–21:00 | Thứ Tư: 15:00–21:00 | Thứ Năm: 15:00–21:00 | Thứ Sáu: 15:00–21:00 | Thứ Bảy: 15:00–21:00 | Chủ Nhật: 15:00–21:00,15:00,21:00,100,20.53,14.68,0.0146,0.3285,0.1401,900,1260,45,True
Bản Garden,chợ quán,1,685,80700,207600,,https://www.tiktok.com/@didalatcungtruc/video/7590041201357786388,"Bản Garden, tiệm cơm đồng bào ngon ở Đà Lạt #bangardendalat #didalatcungtruc #isbtalents #reviewdalat #ancungtiktok #antruadalat ",1,18.76,,BB Garden,ChIJ21UP6kkTcTER9_3zHwMKBjk,"89 Đường Đống Đa, Xuân Hương - Đà Lạt, Lâm Đồng 66000, Việt Nam",11.9289521,108.4407999,3.2,80,,0948 573 583,https://www.facebook.com/profile.php?id=61558665037542&mibextid=LQQJ4d,OPERATIONAL,Thứ Hai: Mở cửa cả ngày | Thứ Ba: Mở cửa cả ngày | Thứ Tư: Mở cửa cả ngày | Thứ Năm: Mở cửa cả ngày | Thứ Sáu: Mở cửa cả ngày | Thứ Bảy: Mở cửa cả ngày | Chủ Nhật: Mở cửa cả ngày,00:00,,84.21052631578947,23.76,14.06,0.0197,0.3147,0.1377,0,,45,True
DEVON COTTAGE Tea Room,cafe,1,33,3031,24,,https://www.tiktok.com/@caphedalatviewdep/video/7400256633311382791,"DEVON COTTAGE Tea Room in Dalat
#cafedalat #coffeetiktok #coffedalat #dalat #xh #xuhuong #xuhuong2024 #xhhhhhhhhhhhhhhhhhhhhhhh #fyp #viral #foryoupage ",1,10.34,,Tiệm trà Devon Cottage,ChIJDTdwAAATcTERFRec1Ybk2Yc,"9a Cô Giang, Lâm Viên - Đà Lạt, Lâm Đồng, Việt Nam",11.9486993,108.4586885,4.3,30,,,,OPERATIONAL,,,,77.27272727272727,15.34,14.77,0.0064,0.3304,0.136,,,60,True
Lạc Dương Hill,địa điểm checkin,1,2420,130900,123300,,https://www.tiktok.com/@tiktokgapgiquaydo/video/7633944771379203335,"Lễ này các bạn lại có địa điểm mới để đi check in nữa rồi nè…
📍 Lạc Dương Hill ( 19/5 - F LangBiang - Đà Lạt )
##dalatreviewtravel##lacduonghill##thuyentrennui##caphechill",1,25.51,,Lạc Dương Hill coffee,ChIJMX34W4BzcTERbNX9hZt5Q-c,"Lang Biang - Đà Lạt, Lâm Đồng, Việt Nam",12.0060112,108.410169,4.1,22,,0354 160 591,,OPERATIONAL,Thứ Hai: Mở cửa cả ngày | Thứ Ba: Mở cửa cả ngày | Thứ Tư: Mở cửa cả ngày | Thứ Năm: Mở cửa cả ngày | Thứ Sáu: Mở cửa cả ngày | Thứ Bảy: Mở cửa cả ngày | Chủ Nhật: Mở cửa cả ngày,00:00,,95.0,30.51,12.86,0.0304,0.2877,0.1333,0,,30,True
Honami Farm,cafe,1,356,39900,88600,,https://www.tiktok.com/@anngoncungcam01/video/7633418157130108181,"Đà Lạt - Honami Farm 
Địa điểm, quán săn mây mới cách chợ Đà Lạt khoảng 10 phút đi xe máy rất là chill.
#xuhuong #review #coffee #sanmaydalat #dulich ",1,14.35,,Honami farm cafe,ChIJzQTnS6RtcTERhSQTFP85tbc,"Tổ 18 làng Quảng Thừa, Xuân Hương - Đà Lạt, Lâm Đồng 670000, Việt Nam",11.9168882,108.4097236,4,28,,0982 766 221,,OPERATIONAL,Thứ Hai: 06:00–18:00 | Thứ Ba: 06:00–18:00 | Thứ Tư: 06:00–18:00 | Thứ Năm: 06:00–18:00 | Thứ Sáu: 06:00–18:00 | Thứ Bảy: 06:00–18:00 | Chủ Nhật: 06:00–18:00,06:00,18:00,96.4814814814815,19.35,13.47,0.0127,0.3014,0.1282,360,1080,60,True
Cafe Đà Lạt,cafe,1,3672,215400,1600,,https://www.tiktok.com/@vuongtong_1/video/7632639675420855559,Cafe Đà Lạt phát triển tới mức này rồi sao? #xuhuongtiktok #dalat #cafedalat #reviewcafe #chuyencuamo ,1,35.21,,Xe cafe Dalat.,ChIJg8cJaQATcTERgLTG65H8LW8,"28 Trần Hưng Đạo, Xuân Hương - Đà Lạt, Lâm Đồng 670000, Việt Nam",11.9396555,108.4576376,5,8,,,,OPERATIONAL,Thứ Hai: 07:00–11:30 | Thứ Ba: 07:00–11:30 | Thứ Tư: 07:00–11:30 | Thứ Năm: 07:00–11:30 | Thứ Sáu: 07:00–11:30 | Thứ Bảy: 07:00–11:30 | Chủ Nhật: 07:00–11:30,07:00,11:30,87.72727272727273,40.21,10.99,0.0458,0.2458,0.1258,420,690,60,True
Tiệm cơm,khác,1,596,49000,199100,,https://www.tiktok.com/@trongtamdalat/video/7631396488651787528,"Tiệm cơm ngon như nhà nấu , mọi người thử ăn chưa? #dalat #ongboreviewdalat #reviewdalat ",1,15.5,,Tiệm Cơm Ny Đà Lạt,ChIJNWy8KQATcTERy9oBsfzo89k,"47 Đ. Hùng Vương, Lâm Viên - Đà Lạt, Lâm Đồng, Việt Nam",11.9479156,108.4657839,5,11,,0844 327 879,,OPERATIONAL,,,,99.21052631578947,20.5,12.42,0.0146,0.278,0.1199,,,45,True
Mint Coffee & Tea,cafe,1,3909,103400,5678,,https://www.tiktok.com/@quanngondalat/video/7606963392359730452,"Quán cà phê Đà Lạt có nhiều món nước  đa dạng, vị trí gần trung tâm Đà Lạt
📍Mint Coffee & Tea
#caphedalat #mintcoffeeandtea #quanngondalat #reviewdalat #dulichdalat ",1,24.25,,Mint Coffee & Tea,ChIJGZ-gEQATcTERFumrHMt_kGE,"12 Phan Chu Trinh, Lâm Viên - Đà Lạt, Lâm Đồng 67000, Việt Nam",11.949691,108.4646613,3.2,27,,0961 613 113,,OPERATIONAL,Thứ Hai: 07:00–22:00 | Thứ Ba: 07:00–22:00 | Thứ Tư: 07:00–22:00 | Thứ Năm: 07:00–22:00 | Thứ Sáu: 07:00–22:00 | Thứ Bảy: 07:00–22:00 | Chủ Nhật: 07:00–22:00,07:00,22:00,100,29.25,10.66,0.0284,0.2386,0.1125,420,1320,60,True
Cà phê tone đen trắng,cafe,1,1599,37600,60300,,https://www.tiktok.com/@chulamreview/video/7443678965849541889,Tiệm cà phê tone đen trắng cực xịn tại Đà Lạt#xuhuongtiktok2024 #cafesongao #reviewcafe #reviewcafesongao #cafe #quáncafeviewđẹp #cafedalat #tiktok #xuhuong #review #reviewdalat #viralvideo #chulamreview #waicafe ,1,15.36,,Cà phê Trắng Đen,ChIJP9wAgsVtcTER0igUpB_aR20,"10 Đường Bạch Đằng, Lang Biang - Đà Lạt, Lâm Đồng 02633, Việt Nam",11.9597986,108.4250682,5,5,,0966 316 169,,OPERATIONAL,Thứ Hai: 06:00–21:30 | Thứ Ba: 06:00–21:30 | Thứ Tư: 06:00–21:30 | Thứ Năm: 06:00–21:30 | Thứ Sáu: 06:00–21:30 | Thứ Bảy: 06:00–21:30 | Chủ Nhật: 06:00–21:30,06:00,21:30,86.48648648648648,20.36,8.96,0.0143,0.2005,0.0888,360,1290,60,True
Lang Biang,địa điểm checkin,2,6292,306600,482400,59k,https://www.tiktok.com/@dichungxe/video/7602949300955516168,"Lên ngay con tướng Lang Biang

#dichungxe #dcx #trekking #langbiang ",2,56.95,Tiệm cơm 1 điều ước,Lang Biang - Đà Lạt,ChIJ4WwmVVULcTERicYROvLzhdo,"Lang Biang - Đà Lạt, Lâm Đồng, Việt Nam",12.0609635,108.4038672,,,,,,,,,,100,66.95,0.0,0.0882,0.0,0.0882,,,30,True
Rendez-vous,cafe,1,18,4349,239,,https://www.tiktok.com/@rendezvous_dalat/video/7523389423199849735,"☕🍰 Rendez-vous – Góc nhỏ cho những buổi trà chiều lãng mạn hay cho 1 buổi tối hẹn hò yêu thương.
🎹 Live piano mỗi tối Thứ Bảy
⏰ 19:20 – 20:20
🕰 Mở cửa: 6:30 – 20:30
📍 142 Yersin,  P.9, Đà Lạt 
Không gian cổ điển, ấm cúng – nơi bạn có thể nhâm nhi trà ngon, bánh ngọt và để tâm hồn dịu lại.

Rendez-vous – Where every sip tells a story. 🌿
☕🍰 Rendez-vous – A cozy corner for romantic afternoon teas or a loving evening date.
🎹 Live piano every Saturday night
⏰ 7:20 PM – 8:20 PM
🕰 Open daily: 6:30 AM – 8:30 PM
📍 142 Yersin Street, Ward 9, Da Lat

Rendez-vous – Where every sip tells a story. 🌿
#xuhuong #xuhuongtiktok 
#CafeDaLat
#TeaTimeDaLat
#QuanTraDaLat
#DaLatCafe
#TramGiuaDaLat
#DaLatVibes
#ChillInDaLat
#TronVaoDaLat
#HiddenGemDaLat
#DaLatMood
#DaLatMoments
#DaLatTrip
#DaLatView
#GocNhoDaLat
#QuanDepDaLat
#DaLatCheckin
#ChieuDaLat
#TraVaNhac
#PianoAndTea
#VintageDaLat
#DaLatRetro
#RomanticDaLat
#MustTryInDaLat
#DaLatCafeTour
#DaLatFoodie 
#DaLatHiddenSpot 
#CheckInDaLat
#BestCafeInDaLat
#CafeViewDepDaLat
#SlowLivingDaLat
#RendezvousPianoNight
#DaLatTeaBlend
#RendezvousGarden
#TeaWithAStory
#RendezvousTeaAndCafe
#RendezvousMoments#
#WhereEverySipTellsAStory",1,10.45,,RENDEZ-VOUS TEA & CAFE,ChIJaT8EfAATcTERbRrIvIzjKTQ,"142 Yersin, Lâm Viên - Đà Lạt, Lâm Đồng 660000, Việt Nam",11.9450546,108.4532269,5,5,,0379 318 618,https://www.facebook.com/share/1PXaukiw99/,OPERATIONAL,Thứ Hai: 08:00–21:00 | Thứ Ba: 08:00–21:00 | Thứ Tư: 08:00–21:00 | Thứ Năm: 08:00–21:00 | Thứ Sáu: 08:00–21:00 | Thứ Bảy: 08:00–21:00 | Chủ Nhật: 08:00–21:00,08:00,21:00,85.96774193548387,15.45,8.96,0.0066,0.2005,0.0841,480,1260,60,True
Quán ăn vặt,chợ quán,3,4125,136900,199100,giá rẻ,https://www.tiktok.com/@sasavivudalat/video/7638476715794173192 | https://www.tiktok.com/@quanngondalat/video/7522764403435982088,"Quán ăn vặt với món nước dừa tươi full topping, bánh tráng trộn, bánh tráng cuộn...#dalat #dalatreview #reviewdalat #ongboreviewdalat ",3,29.51,,Quán ăn vặt O Chi,ChIJpWpnegATcTERTmNCkLryRhc,"2 Hoàng Hoa Thám, Xuân Hương - Đà Lạt, Lâm Đồng, Việt Nam",11.9407514,108.4629965,5,1,,0858 077 579,,OPERATIONAL,Thứ Hai: 15:00–00:10 | Thứ Ba: 15:00–00:10 | Thứ Tư: 15:00–00:10 | Thứ Năm: 15:00–00:10 | Thứ Sáu: 15:00–00:10 | Thứ Bảy: 15:00–00:10 | Chủ Nhật: 15:00–00:10,15:00,00:10,93.57142857142857,62.81,3.47,0.0817,0.0775,0.08,900,1450,45,True
Quán bún mộc,chợ quán,1,2253,82200,302500,,https://www.tiktok.com/@chidichilll/video/7633724109511200007,Quán bún mộc ngon tại Đà Lạt #chidichill #diadiemanuongdalat   #anuongdalat #ansangdalat #bunmocdalat,1,20.47,,"Quán bún Mộc, Thịt Vịt",ChIJR_1K8rQTcTERHyzxe6zBHY4,"2, 12 Vạn Hạnh, Lâm Viên - Đà Lạt, Lâm Đồng, Việt Nam",11.9625958,108.4431388,5,3,,,,OPERATIONAL,,,,87.72727272727273,25.47,6.93,0.0224,0.1551,0.0755,,,45,True
Tiệm ăn vặt,chợ quán,1,4959,181200,199100,,https://www.tiktok.com/@trongtamdalat/video/7366211336776338706,Tiệm ăn vặt ngon lâu năm ít ai review bạn biết #dalat #dalatreview #ongboreviewdalat #reviewdalat #ancungtiktok ,1,33.08,,Tiệm ăn vặt 168,ChIJb_vWUIUTcTERs5EC5wEJ-Eg,"5E Trần Hưng Đạo, Xuân Hương - Đà Lạt, Lâm Đồng 66000, Việt Nam",11.9369552,108.447179,5,2,,0833 218 883,,OPERATIONAL,Thứ Hai: 14:00–23:00 | Thứ Ba: 14:00–23:00 | Thứ Tư: 14:00–23:00 | Thứ Năm: 14:00–23:00 | Thứ Sáu: 14:00–23:00 | Thứ Bảy: 14:00–23:00 | Chủ Nhật: 14:00–23:00,14:00,23:00,99.61538461538461,38.08,5.49,0.0424,0.1229,0.0746,840,1380,45,True
The KingDom,địa điểm checkin,1,2162,111500,1333,,https://www.tiktok.com/@dalatusdt/video/7616042254498762004,"The KingDom - Lạc Dương Đà Lạt 
#thekingdom #diadiemcheckindalat #viral #phongcanhdalat #dalat ",1,23.31,,The Kingdom,ChIJe1rUbgBvcTERYw9L_W9DphY,"X8PJ+HPV, Lang Biang - Đà Lạt, Lâm Đồng, Việt Nam",11.9864835,108.3317905,4,4,,0983 539 539,http://homestay.phatdat.group/,OPERATIONAL,,,,100,28.31,6.44,0.0269,0.144,0.0738,,,30,True
Checkin,địa điểm checkin,1,5184,292500,8923,,https://www.tiktok.com/@runggiaohuong/video/7572796495397719304,"Toạ độ checkin cực xịn ở Đà Lạt ✨

#runggiaohuong #cafedalatngon #cafedalat #dulichdalat #checkindalat ",1,44.43,Toạ độ checkin,Đà Lạt Checkin,ChIJywp-8qNtcTERk3mts6p7iEU,"35 An Tôn, Cam Ly - Đà Lạt, Lâm Đồng 66000, Việt Nam",11.9391296,108.416051,4,1,,0913 655 168,http://dalatcheckin.com/,OPERATIONAL,,,,100,49.43,2.77,0.0604,0.062,0.0611,,,30,True
Quán cơm Linh,cafe,2,2740,168900,101400,,https://www.tiktok.com/@huongnoidian/video/7531414422338768146 | https://www.tiktok.com/@quancomlinhdalat/video/7639309889264848149,+ 1 máy ghiền Quán cơm Linh ở Đà Lạt #reviewanngon #ancungtiktok #LearnOnTikTok #tryitwithtiktok #huongnoidian ,2,29.15,,Quán cơm Linh,ChIJKS0nUgATcTER4oWQE7e240A,"31 KQH Phạm Hồng Thái, Xuân Hương - Đà Lạt, Lâm Đồng, Việt Nam",11.9414509,108.4561451,,,,0978 262 824,https://quancomlinhdalat.com/,OPERATIONAL,"Thứ Hai: 10:30–15:00, 17:00–19:30 | Thứ Ba: 10:30–15:00, 17:00–19:30 | Thứ Tư: 10:30–15:00, 17:00–19:30 | Thứ Năm: 10:30–15:00, 17:00–19:30 | Thứ Sáu: 10:30–15:00, 17:00–19:30 | Thứ Bảy: 10:30–15:00, 17:00–19:30 | Chủ Nhật: 10:30–15:00, 17:00–19:30",10:30,15:00,100,49.63,0.0,0.0608,0.0,0.0608,630,900,60,True
LUXURY HOTEL ĐÀ LẠT,khách sạn,1,89,4814,123400,rẻ,https://www.tiktok.com/@tiktokgapgiquaydo/video/7638409963882188040,"Một địa điểm lưu trú tại Đà Lạt đã đẹp mà lại còn rẻ nữa nè các bạn ơi…
Các bạn lên Đà Lạt thì nhớ tham khảo khách sạn này nha.
📍 LUXURY HOTEL ĐÀ LẠT ( 124 - Tô Hiến Thành - Đà Lạt )
#d#dalatreviewtravel#l#luxuryhoteldalat1#124tohienthanhdalatn#nhanghidalat",1,10.57,,Luxury Hotel - Đà Lạt,ChIJd8s0TasTcTERLgTRvMPP1bM,"124 Đường Tô Hiến Thành, Đà Lạt, Lâm Đồng 66122, Việt Nam",11.9295832,108.4432347,5,2,,0263 6299 993,,OPERATIONAL,,,,100,15.57,5.49,0.0067,0.1229,0.0532,,,0,False
quán ăn đêm,chợ quán,1,425,29400,26600,,https://www.tiktok.com/@ducdodalat/video/7293409881950833928,"Review quán ăn đêm Đà Lạt ngon, gần chợ đêm #quanandalat #dalatangi #ducdodalat#ducdat #reviewdalat ",0,13.37,,Quán ăn đêm Đà Lạt,ChIJu-iNPDkTcTERuFk1n4rZkks,"8 Đường Mẫu Tâm, Du Sinh, Cam Ly - Đà Lạt, Lâm Đồng 670000, Việt Nam",11.9352275,108.4206296,3.7,3,,,,OPERATIONAL,Thứ Hai: 19:00–02:00 | Thứ Ba: 19:00–02:00 | Thứ Tư: 19:00–02:00 | Thứ Năm: 19:00–02:00 | Thứ Sáu: 19:00–02:00 | Thứ Bảy: 19:00–02:00 | Chủ Nhật: 19:00–02:00,19:00,02:00,100,13.37,5.13,0.0032,0.1148,0.0479,1140,1560,45,True
Cherry Pet Coffee,cafe,1,227,28300,7450,,https://www.tiktok.com/@hiakhoa/video/7326562163907235074,"Bạn có biết Đà Lạt vừa có 1 quán cafe thú cưng mới. Đây là Cherry Pet Coffee ở Tự Phước nha. Mở cửa 7:00-22:00.
#quancafedalat #dalat #dalat2024 ",1,13.06,,coffee Cherry,ChIJy8uBEQATcTERruvmQA2t6yw,"01 Đường Mê Linh, Lâm Viên - Đà Lạt, Lâm Đồng, Việt Nam",11.9598042,108.4693927,,,,,,OPERATIONAL,,,,86.66666666666667,18.06,0.0,0.0107,0.0,0.0107,,,60,True
Chuyện Của Mơ,cafe,1,24,568,15200,,https://www.tiktok.com/@vnexpress_hanoi/video/7639762005133479186,"The dreamy café in Da Lat 🇻🇳☕✨



Location: Chuyện Của Mơ



It truly feels like stepping into a fairytale - soft lights, cozy corners, and peaceful views 🌿💛

For the best seats with a view, it’s better to make a reservation in advance.

The place gets crowded in the evening, so try to arrive before 5:30 PM.



#dalat #vietnamtravel #cafedalate #chuyencuamo  #travelvibes ",1,10.08,,Chuyện của mơ,ChIJKT_meQATcTERLyigumrm5Ig,"6 Đường Khởi Nghĩa Bắc Sơn, Xuân Hương - Đà Lạt, Lâm Đồng, Việt Nam",11.9361414,108.4521992,,,,,,OPERATIONAL,,,,100,15.08,0.0,0.006,0.0,0.006,,,60,True
