place_name,type,mention_count,total_digg,total_plays,max_followers,price_mentions,video_urls,confidence_high,popularity_score
Cafe May,cafe,11,338164,9385000,381100,50xu,https://www.tiktok.com/@review.lt7/video/7603371406423887125,7,1386.66
San May Dalat,cafe,4,313133,6317600,111100,,https://www.tiktok.com/@dalat_reels/video/7501203500332797202,4,984.89
Cafe ngắm hoàng hôn,cafe,1,140500,7500000,222100,,https://www.tiktok.com/@dichoimoingay/video/7357193741779651848,1,900.5
Suối Bình Yên,thiên nhiên,2,256400,6185200,758200,,https://www.tiktok.com/@dieuhoang211/video/7523798698493545735,2,894.92
Homestay,homestay,1,185600,5300000,42900,,https://www.tiktok.com/@dihetdalat/video/7437476244918127890,0,725.6
Lang Ben Pho Homestay,homestay,1,128000,5400000,35000,,https://www.tiktok.com/@langbenphohomestay/video/7550132232485195015,1,678.0
Sương Mù,thiên nhiên,1,104700,5400000,929,,https://www.tiktok.com/@bthh1512/video/7634149614224002312,1,654.7
San May,cafe,4,193100,3470800,245400,,https://www.tiktok.com/@min.du.mc/video/7584709735153274113,3,580.18
Miền Du Mục,cafe,3,326735,2217100,146700,"100,000 VND ($3.80)",https://www.tiktok.com/@ericgoesto/video/7523077765306895646,3,578.45
Quán cafe mới toanh,cafe,1,138100,3900000,40300,,https://www.tiktok.com/@shundidau_/video/7634556893003861268,0,538.1
Happy Hill,địa điểm checkin,1,119400,4000000,1300000,,https://www.tiktok.com/@happyhill.dalat/video/7569189293630016786,1,529.4
Quán Cà Phê Mây,cafe,4,79301,3901400,252100,,https://www.tiktok.com/@dao_duy_phuong/video/7590979517661940999,3,509.44
Dom Dom House Dalat,homestay,1,68600,4100000,19500,,https://www.tiktok.com/@domdomhousedalat/video/7502706387995102485,1,488.6
Cơm Lam Gà Nướng (Suối Bình Yên),chợ quán,1,61600,3600000,123200,,https://www.tiktok.com/@tiktokgapgiquaydo/video/7493127305120845064,1,431.6
Nha Ben Rung,cafe,1,258700,1600000,216100,,https://www.tiktok.com/@tiemcaphenhabenrung/video/7493504577296223496,1,428.7
Cafe mới ở Đà Lạt,cafe,1,84800,2500000,222100,,https://www.tiktok.com/@dichoimoingay/video/7433661696608128264,0,344.8
Villa Dalat,homestay,3,75200,2315400,69600,700฿/đêm | giá rẻ,https://www.tiktok.com/@nguamodalat/video/7577374212168486165,3,336.74
Cau Gò Binh Minh,thiên nhiên,1,64400,2600000,33100,,https://www.tiktok.com/@sanmaycaugo_binhminh/video/7509742123164470546,1,334.4
Happy Hill Đà Lạt,địa điểm checkin,9,55690,1745287,1300000,,https://www.tiktok.com/@happyhill.dalat/video/7638534135786654997,9,320.22
Thác Đá An Lạc,thiên nhiên,1,91100,2000000,3811,,https://www.tiktok.com/@empekhavy/video/7614415503121075463,1,301.1
Silk Oil,khách sạn,1,137300,1500000,790200,,https://www.tiktok.com/@_trinhhavi_/video/7574400141726125330,1,297.3
Quán Cafe cạnh bến xe Liên Tỉnh Đà Lạt,cafe,1,81000,1700000,268000,,https://www.tiktok.com/@dicungmuadl/video/7502732506345557255,1,261.0
Lang Farm Center,địa điểm checkin,1,38600,2100000,242500,,https://www.tiktok.com/@du_lich_dalat/video/7508576445141208338,1,258.6
Thác Đa Tán,thiên nhiên,2,78395,1341900,721,,https://www.tiktok.com/@lttngan_207/video/7609482878841343252,2,232.58
Cafe Mây,cafe,3,48013,1532500,789800,,https://www.tiktok.com/@nhandian/video/7635214351682522388,3,231.26
Lạc Hư Cổ Trấn,khách sạn,1,40700,1800000,123200,,https://www.tiktok.com/@tiktokgapgiquaydo/video/7607409661502967058,0,230.7
Mai Anh Đào,thiên nhiên,1,49800,1700000,10300,,https://www.tiktok.com/@.lt.3605/video/7601868238388989191,1,229.8
Dream Garden Homestay,homestay,1,130900,854600,26000,,https://www.tiktok.com/@dreamgardenhomestay/video/7465903140534013185,1,226.36
Om Secret Hill Đà Lạt,homestay,1,41800,1600000,5782,,https://www.tiktok.com/@aihaohaohao/video/7565083466304408839,1,211.8
Cau Go San May,thiên nhiên,1,63500,1300000,240500,,https://www.tiktok.com/@tiemanhbaprangbo/video/7336046705617440007,1,203.5
The Florest,địa điểm checkin,1,57000,1300000,81400,,https://www.tiktok.com/@theflorestdalat/video/7598936749192023317,1,197.0
Quán cafe ngắm hoàng hôn,cafe,1,26300,1600000,222100,,https://www.tiktok.com/@dichoimoingay/video/7358722304156683527,1,196.3
Hồ Xuân Hương,thiên nhiên,1,34100,1500000,222100,,https://www.tiktok.com/@dichoimoingay/video/7474114773529939220,0,194.1
Langbiang Land,thiên nhiên,2,21127,1300407,16200,,https://www.tiktok.com/@langbiangland/video/7528369502120185095,2,171.17
Happy Hill Dalat,địa điểm checkin,1,20900,1400000,1300000,,https://www.tiktok.com/@happyhill.dalat/video/7325404021529791762,1,170.9
Sola Cafe Dalat,cafe,1,38200,1100000,60300,,https://www.tiktok.com/@chulamreview/video/7634093050142149895,0,158.2
Floating TOWN,cafe,1,26300,1200000,60300,,https://www.tiktok.com/@chulamreview/video/7596659252794723592,1,156.3
Quán cafe tựa bước ra từ cổ tích,cafe,1,17600,1100000,214600,,https://www.tiktok.com/@hifasne/video/7475687967948967176,1,137.6
Homestay A,homestay,1,26800,993200,42900,,https://www.tiktok.com/@dihetdalat/video/7574036754475404551,0,136.12
Homestay B,homestay,1,26800,993200,42900,,https://www.tiktok.com/@dihetdalat/video/7574036754475404551,0,136.12
Homestay C,homestay,1,26800,993200,42900,,https://www.tiktok.com/@dihetdalat/video/7574036754475404551,0,136.12
Homestay D,homestay,1,26800,993200,42900,,https://www.tiktok.com/@dihetdalat/video/7574036754475404551,0,136.12
Tru Truc Wolf House,homestay,1,16800,980900,34500,,https://www.tiktok.com/@tructruc.wolfhouse/video/7388387572537396496,1,124.89
Nhà hàng thiên đường,nhà hàng,1,14700,840400,42900,,https://www.tiktok.com/@dihetdalat/video/7537670988738137351,0,108.74
Homestay Đà Lạt,homestay,2,23300,582600,2400000,,https://www.tiktok.com/@thuykieu_2802/video/7635674359092333831,2,101.56
Tiệm Bánh Tráng Nho Nhỏ,chợ quán,1,22800,683200,1928,,https://www.tiktok.com/@tiembanhtrangnhin/video/7603237047783918868,0,101.12
Quán ngon Đà Lạt,chợ quán,1,21800,678900,5685,,https://www.tiktok.com/@quanngondalat/video/7419887760447737095,0,99.69
Cafe Năng Thủy Tinh,cafe,1,39700,494400,5107,,https://www.tiktok.com/@tiemcaffehoibichii/video/7613189551829404948,1,99.14
Homego,homestay,1,21100,666000,69600,,https://www.tiktok.com/@nguamodalat/video/7635525305557388564,1,97.7
Quán cafe có view Thuỵ Sĩ,cafe,1,16500,704200,206400,,https://www.tiktok.com/@dichoicunghuy/video/7379832340685573394,1,96.92
Săn Mây,homestay,3,17955,484798,17700,,https://www.tiktok.com/@uttieu.homestaydalat/video/7590765633806093575,2,96.43
Lưng Chừng Home,homestay,2,11952,640700,92900,,https://www.tiktok.com/@reviewhomestaydalat/video/7591455298607484181,2,96.02
Lơ Mơ Homestay,homestay,1,12800,714000,4533,200k/người,https://www.tiktok.com/@lomohomestay.dalat/video/7516782237312929042,1,94.2
"Phở gà trộn, miến gà trộn Đà Lạt quán Nguyễn Gia",chợ quán,1,12200,684400,5685,,https://www.tiktok.com/@quanngondalat/video/7417303437462768904,0,90.64
Bún bò Huế Thiên Trang,chợ quán,1,16900,625700,160800,,https://www.tiktok.com/@mr.cunghe/video/7129358708542393627,1,89.47
Tiệm nướng trong rừng @Miền Du Mục,chợ quán,1,18800,585200,758200,,https://www.tiktok.com/@dieuhoang211/video/7523798698493545735,0,87.32
Trạm Ký Ức,địa điểm checkin,1,18800,585200,758200,,https://www.tiktok.com/@dieuhoang211/video/7523798698493545735,1,87.32
Chợ mới Đà Lạt,chợ quán,1,21400,533900,207700,,https://www.tiktok.com/@didalatcungtruc/video/7606909036549688597,1,84.79
tiệm trà mới mở,cafe,1,28200,458900,14700,,https://www.tiktok.com/@thaodimuonnoi/video/7634755846488050964,0,84.09
Nao Ranh Cafe,cafe | địa điểm checkin,1,10400,602000,81600,,https://www.tiktok.com/@naoranhcaphe/video/7585400904535297296,1,80.6
Thác 7 Tầng,thiên nhiên,4,7923,317877,140400,,https://www.tiktok.com/@didendaudo/video/7263684270265224449,4,79.71
Săn Mây Đà Lạt,địa điểm checkin,3,12204,334894,77900,199k/ng,https://www.tiktok.com/@toursanmaydalat39/video/7635096359519096085,3,75.69
Tháp truyền hình,địa điểm checkin,1,16000,486800,4567,,https://www.tiktok.com/@tiemcomganh/video/7590616146706042132,1,74.68
Biệt thự đồi Robin,địa điểm checkin,1,16000,486800,4567,,https://www.tiktok.com/@tiemcomganh/video/7590616146706042132,1,74.68
Cung đường Bắc Âu,địa điểm checkin,1,16000,486800,4567,,https://www.tiktok.com/@tiemcomganh/video/7590616146706042132,1,74.68
Bức tường Hàn Quốc,địa điểm checkin,1,16000,486800,4567,,https://www.tiktok.com/@tiemcomganh/video/7590616146706042132,1,74.68
Góc Dã Tượng và Yết Kiêu,địa điểm checkin,1,16000,486800,4567,,https://www.tiktok.com/@tiemcomganh/video/7590616146706042132,1,74.68
Cung đường Hàn Thuyên,địa điểm checkin,1,16000,486800,4567,,https://www.tiktok.com/@tiemcomganh/video/7590616146706042132,1,74.68
Om Secret Hill Dalat,homestay,1,8727,555800,40200,,https://www.tiktok.com/@shundidau_/video/7610461933954764053,1,74.31
Cafe săn mây Đà Lạt,cafe,1,12600,516400,10600,,https://www.tiktok.com/@review.lt7/video/7601839891789532437,1,74.24
Giữa lòng thác,thiên nhiên,1,16000,438300,30700,,https://www.tiktok.com/@chamdidaudo/video/7608182381735972103,1,69.83
1/2 Circle Coffee,cafe,1,5518,535900,76800,,https://www.tiktok.com/@duocroidithoi.sg/video/7387617478555258120,1,69.11
REO Campsite,địa điểm checkin,1,13900,400100,102900,,https://www.tiktok.com/@reodalat/video/7494138513517071624,1,63.91
Trúc Trực Wolf House,homestay,1,6010,440900,34500,,https://www.tiktok.com/@tructruc.wolfhouse/video/7524347222104804615,1,60.1
Quán lẩu cá tầm,chợ quán,1,7435,426200,789800,,https://www.tiktok.com/@nhandian/video/7580740804403039496,0,60.06
San Mai Dalat,địa điểm checkin,1,14300,329300,34500,,https://www.tiktok.com/@sanmaydalat_/video/7599275440716451079,1,57.23
Mien Du Muc coffee,cafe,1,9965,365600,44400,,https://www.tiktok.com/@vietnammoment.official/video/7583993449930624276,1,56.53
Thác Đatanlar,thiên nhiên,2,9478,237300,653,,https://www.tiktok.com/@trieunhivlog/video/7474836484277701896,2,53.21
Cafe Solé,địa điểm checkin,1,10200,324100,107100,,https://www.tiktok.com/@thaoleader/video/7636004586985213204,1,52.61
Homestay Tranoi,homestay,1,4960,370600,74200,,https://www.tiktok.com/@ngoctran95_03/video/7349139757395479815,1,52.02
Quán cafe HabaNuru,cafe,1,4960,370600,74200,,https://www.tiktok.com/@ngoctran95_03/video/7349139757395479815,0,52.02
Oday Co Homexinh,homestay,1,6386,341800,71800,,https://www.tiktok.com/@odaycohomexinh/video/7593300052982926612,1,50.57
Happy Hill Coffee,cafe,2,6213,223000,1288,,https://www.tiktok.com/@happyhill...dalat/video/7637101558462991624,2,48.51
khu Hoà Bình,địa điểm checkin,1,5894,303800,5706,,https://www.tiktok.com/@dicunghaii/video/7485220055970565383,1,46.27
Quán Gió,chợ quán,1,4438,293400,6621,,https://www.tiktok.com/@mai_riviu/video/7535782357450657044,0,43.78
Home Nham Minh,homestay,1,6883,265700,715,,https://www.tiktok.com/@homenhaminh_dalat/video/7617854710699117842,1,43.45
Đèo Prenn,thiên nhiên,2,6603,162300,10300,,https://www.tiktok.com/@hoang.nguyen5696/video/7636784268684889365,2,42.83
Cafe Nhà Của Thông,cafe,1,5243,267900,27800,,https://www.tiktok.com/@dalatdreamer/video/7629190237842918674,1,42.03
Khoai Lang Nướng,chợ quán,1,5852,258800,5685,,https://www.tiktok.com/@quanngondalat/video/7532857742118096148,1,41.73
Sia Home,homestay,1,3893,269300,40200,,https://www.tiktok.com/@shundidau_/video/7626742396323187988,1,40.82
Hồ Tuyền Lâm,thiên nhiên,1,14000,164900,7892,,https://www.tiktok.com/@rng.m963/video/7558721922368867604,1,40.49
Bánh tráng nướng Cô Hiệp,chợ quán,1,4520,254900,5685,,https://www.tiktok.com/@quanngondalat/video/7474225694147415314,1,40.01
The Lake House Dalat,cafe,1,3349,264400,808,,https://www.tiktok.com/@greenleila24/video/7469306140325711122,1,39.79
Khách sạn 3 sao trung tâm Đà Lạt,khách sạn,1,3747,256700,10600,600k/đêm,https://www.tiktok.com/@review.lt7/video/7603579388763917589,0,39.42
Langfarm Center,thiên nhiên,1,2914,261800,263300,,https://www.tiktok.com/@ghiendalat_official/video/7535672971080371474,1,39.09
Langfarm Buffet,chợ quán,1,2914,261800,263300,,https://www.tiktok.com/@ghiendalat_official/video/7535672971080371474,0,39.09
Căn Tin 59 Đà Lạt,chợ quán,1,6871,214500,70600,12k - 25k/ món,https://www.tiktok.com/@julepe.sheen/video/7503944643298479378,1,38.32
Thác Prenn,thiên nhiên,2,2054,143600,8227,,https://www.tiktok.com/@dalatcungtico/video/7234122283558767877,2,36.41
Thác Datanla,thiên nhiên,3,851,46426,16800,,https://www.tiktok.com/@tinhdidaydido.travelvlog/video/7602245369891704084,3,35.49
Tắm Thác,thiên nhiên,1,6448,189500,3686,,https://www.tiktok.com/@chillwith_us/video/7488924876611374341,1,35.4
Dalat Villa,homestay,1,4744,206400,8437,,https://www.tiktok.com/@dalatanyenvilla/video/7629665903788969224,1,35.38
Oday Coffee Home,homestay,1,6025,166500,71800,,https://www.tiktok.com/@odaycohomexinh/video/7623762181804543253,1,32.67
Quán cà phê Cô Long,cafe,1,5566,170500,2406,,https://www.tiktok.com/@dalatlamdongvn/video/7630797274771180817,1,32.62
Làng Cù Lần,thiên nhiên,1,3497,191100,57200,,https://www.tiktok.com/@bacxiuneee_/video/7605564991403560213,1,32.61
Thác Pongour,thiên nhiên,3,163,8773,4447,,https://www.tiktok.com/@thanhlanbt88/video/7635497474953596167,3,31.04
Thác May,thiên nhiên,2,1339,93837,2300,,https://www.tiktok.com/@thacmaydalat/video/7634170169182424340,2,30.72
Quán ăn vặt ngon Đà Lạt,chợ quán,1,4979,155400,5685,,https://www.tiktok.com/@quanngondalat/video/7540213903972666645,0,30.52
Quán cơm gia đình Đà Lạt,chợ quán,1,4979,155400,5685,,https://www.tiktok.com/@quanngondalat/video/7540213903972666645,0,30.52
Nhà hàng lẩu nướng Đà Lạt,nhà hàng,1,4979,155400,5685,,https://www.tiktok.com/@quanngondalat/video/7540213903972666645,0,30.52
Tiệm trà bên suối,chợ quán,1,3700,150600,207700,,https://www.tiktok.com/@didalatcungtruc/video/7634066079660182805,1,28.76
Chuyện Của Mơ Đà Lạt,cafe,1,12600,49400,3786,,https://www.tiktok.com/@renleafylens.global/video/7634860293104946450,1,27.54
Khu tổ hợp trò chơi giải trí,địa điểm checkin,1,1275,158100,49400,,https://www.tiktok.com/@toiudl/video/7475537134867238151,1,27.09
Delight Park Đà Lạt,địa điểm checkin,1,2444,144300,111100,,https://www.tiktok.com/@nhanphepha/video/7610772204464164117,1,26.87
Khách sạn đẹp trung tâm Đà Lạt,khách sạn,1,1607,141200,10900,,https://www.tiktok.com/@combo.ngavivu/video/7552718308580019477,0,25.73
Eat Vặt Xù,chợ quán,1,2739,128200,207700,,https://www.tiktok.com/@didalatcungtruc/video/7594045747868306708,1,25.56
Homestay Dalat,homestay,2,573,48288,1725,<150$/people,https://www.tiktok.com/@bookphonghomestaydalat/video/7636369206904245525,1,25.4
Tiệm ăn vặt Ying Đà Lạt,chợ quán,1,2198,130100,207700,,https://www.tiktok.com/@didalatcungtruc/video/7483496164009069831,1,25.21
L'amant de Dalat,homestay,1,3404,117400,342,,https://www.tiktok.com/@lamant.de.dalat/video/7616637200691678484,1,25.14
Mint Coffee & Tea,cafe,1,3899,102500,5685,,https://www.tiktok.com/@quanngondalat/video/7606963392359730452,1,24.15
Box Studio,địa điểm checkin,1,1851,120500,110600,,https://www.tiktok.com/@sonharryy/video/7252905458686594309,1,23.9
Son Harryy,địa điểm checkin,1,1851,120500,110600,,https://www.tiktok.com/@sonharryy/video/7252905458686594309,0,23.9
Hellodalat,địa điểm checkin,1,1851,120500,110600,,https://www.tiktok.com/@sonharryy/video/7252905458686594309,1,23.9
Tiệm ăn vặt Đà Lạt,chợ quán,1,2939,108800,207700,,https://www.tiktok.com/@didalatcungtruc/video/7583956254150659348,0,23.82
"Dalat, Vietnam",thiên nhiên,1,4804,89400,71100,,https://www.tiktok.com/@two_peas_abroad/video/7619697125416291606,1,23.74
Home này,homestay,1,3591,98700,33100,,https://www.tiktok.com/@nguoitrerongchoi/video/7567245589256146177,1,23.46
Tiệm Gà Tuk Tuk,chợ quán,1,1320,107400,5685,,https://www.tiktok.com/@quanngondalat/video/7569128747845176597,1,22.06
Tiệm cơm Mêli Đà Lạt,chợ quán,1,1091,107400,5685,,https://www.tiktok.com/@quanngondalat/video/7446651507530845447,1,21.83
Cầu Đất,thiên nhiên,2,201,15641,56900,,https://www.tiktok.com/@ducdodalat/video/7294170018793737479,2,21.77
Cafe Chill,cafe,1,1087,105600,123200,,https://www.tiktok.com/@tiktokgapgiquaydo/video/7492225663596760328,0,21.65
Thác Lien Khuong,thiên nhiên,1,1094,97800,8227,,https://www.tiktok.com/@dalatcungtico/video/7234122283558767877,1,20.87
Chợ Đà Lạt,chợ quán,1,1967,88800,250,siêu rẻ HSSV,https://www.tiktok.com/@ngotdichoi/video/7587357211525926164,1,20.85
Villa sát Hồ Xuân Hương,homestay,1,1032,92500,6591,,https://www.tiktok.com/@locvilladalat/video/7551782935750479124,1,20.28
Rừng Mơ,cafe,1,2284,68200,9736,,https://www.tiktok.com/@ama.vietnam.blog/video/7613373066021735687,1,19.1
Quán ăn vặt Đà Lạt,chợ quán,1,2144,61600,5685,,https://www.tiktok.com/@quanngondalat/video/7522764403435982088,1,18.3
Quán ăn vặt Chiên,chợ quán,1,1866,63000,5685,,https://www.tiktok.com/@quanngondalat/video/7434372010249063698,0,18.17
Gạch Since 1988 Cafe,cafe,1,1608,60200,555,,https://www.tiktok.com/@haannday/video/7631923500042800392,1,17.63
Thác Đa Lat,thiên nhiên,1,1506,60600,26700,,https://www.tiktok.com/@ducdodalat/video/7609615653535747335,1,17.57
Homestay Săn Mây,homestay,1,893,61000,3626,giá,https://www.tiktok.com/@uttieu.homestaydalat/video/7637823397933632776,1,16.99
Coffee farm,thiên nhiên,1,935,60100,71100,,https://www.tiktok.com/@two_peas_abroad/video/7549937570201816342,1,16.95
Canyoning,thiên nhiên,1,935,60100,71100,,https://www.tiktok.com/@two_peas_abroad/video/7549937570201816342,1,16.95
Night market,chợ quán,1,935,60100,71100,,https://www.tiktok.com/@two_peas_abroad/video/7549937570201816342,0,16.95
Mongo land,khác,1,935,60100,71100,,https://www.tiktok.com/@two_peas_abroad/video/7549937570201816342,0,16.95
Mario kart irl,khác,1,935,60100,71100,,https://www.tiktok.com/@two_peas_abroad/video/7549937570201816342,0,16.95
Crazy house,khác,1,935,60100,71100,,https://www.tiktok.com/@two_peas_abroad/video/7549937570201816342,0,16.95
Maze bar,cafe,1,935,60100,71100,,https://www.tiktok.com/@two_peas_abroad/video/7549937570201816342,0,16.95
Warm tofu,khác,1,935,60100,71100,,https://www.tiktok.com/@two_peas_abroad/video/7549937570201816342,0,16.95
Banh mi xiu mai,chợ quán,1,935,60100,71100,,https://www.tiktok.com/@two_peas_abroad/video/7549937570201816342,0,16.95
Waterfall hopping,thiên nhiên,1,935,60100,71100,,https://www.tiktok.com/@two_peas_abroad/video/7549937570201816342,1,16.95
Quán ăn Bản Địa Đà Lạt,chợ quán,1,731,48500,5685,,https://www.tiktok.com/@quanngondalat/video/7460082988379049224,1,15.58
Thác Dambri,thiên nhiên,1,960,45800,5478,,https://www.tiktok.com/@lasapinettedalat/video/7511670124668046600,1,15.54
Thác Pongour (Thác Bảy Tầng),thiên nhiên,1,960,45800,5478,,https://www.tiktok.com/@lasapinettedalat/video/7511670124668046600,1,15.54
Thác Voi,thiên nhiên,1,960,45800,5478,,https://www.tiktok.com/@lasapinettedalat/video/7511670124668046600,1,15.54
Thác Hang Cọp,thiên nhiên,1,960,45800,5478,,https://www.tiktok.com/@lasapinettedalat/video/7511670124668046600,1,15.54
Thác Bảo Đại,thiên nhiên,1,960,45800,5478,,https://www.tiktok.com/@lasapinettedalat/video/7511670124668046600,1,15.54
Thác Dasara,thiên nhiên,1,960,45800,5478,,https://www.tiktok.com/@lasapinettedalat/video/7511670124668046600,1,15.54
Thác Bobla (Thác Liên Đầm),thiên nhiên,1,960,45800,5478,,https://www.tiktok.com/@lasapinettedalat/video/7511670124668046600,1,15.54
Thác Datanalada,thiên nhiên,1,1664,33100,5238,,https://www.tiktok.com/@hoanganh.nicole/video/7231038630255480070,1,14.97
San May Cau Dalat,địa điểm checkin,1,558,42700,34500,,https://www.tiktok.com/@sanmaydalat_/video/7571054608815082759,1,14.83
Hoa Phượng Tím,địa điểm checkin,1,602,40100,42900,,https://www.tiktok.com/@dihetdalat/video/7612572085180845333,0,14.61
Quán ăn hạt siu hạt dẻ,chợ quán,1,272,36700,42800,,https://www.tiktok.com/@chuyen_cua_nu/video/7300857634893221138,0,13.94
Ẩm thực Nam Anh Phát,chợ quán,1,2115,18200,5685,,https://www.tiktok.com/@quanngondalat/video/7458879362511686920,1,13.94
Đồi Đa Phú,thiên nhiên,1,293,35400,7950,,https://www.tiktok.com/@tinaonthegooo/video/7168542515551948059,1,13.83
Dalart Glamping,homestay,1,163,34600,1418,,https://www.tiktok.com/@dalart_glampingg/video/7582146251852909842,1,13.62
Điểm săn mây đẹp nhất Đà Lạt,thiên nhiên,1,317,22800,2693,,https://www.tiktok.com/@dalattrongtim7/video/7588506929337584903,1,12.6
THÁC 7 TẦNG ĐÀ LẠT,thiên nhiên,1,265,22600,16800,,https://www.tiktok.com/@ngavuica/video/7218601994297101595,1,12.53
一角拍照新角落,地點打卡,1,944,15800,313300,,https://www.tiktok.com/@chillcungyang/video/7633673488582118663,0,12.52
Chùa Linh Phước,địa điểm checkin,1,253,20000,3121,,https://www.tiktok.com/@tuankien.hoangkimtravel/video/7634580167255510279,1,12.25
Chiếc homestay Đà Lạt,homestay,1,521,10000,59300,từ 350k,https://www.tiktok.com/@hanyu339/video/7635585864441138452,1,11.52
Café Cột Sắt,cafe,1,201,11600,789800,,https://www.tiktok.com/@nhandian/video/7635214351682522388,0,11.36
Café Cung Điện,cafe,1,201,11600,789800,,https://www.tiktok.com/@nhandian/video/7635214351682522388,0,11.36
Cicilia Rouge Dalat, khách sạn,1,140,10300,2949,,https://www.tiktok.com/@congtyhoadalattravel.vn/video/7630011968153193748,1,11.17
Mallorie Hotel, khách sạn,1,140,10300,2949,,https://www.tiktok.com/@congtyhoadalattravel.vn/video/7630011968153193748,1,11.17
La Chérie Dalat, khách sạn,1,140,10300,2949,,https://www.tiktok.com/@congtyhoadalattravel.vn/video/7630011968153193748,1,11.17
Cuối tuần Linn đi Đà Lạt,homestay,1,89,7891,13200,,https://www.tiktok.com/@linnsharinghomedalat/video/7536814876862221576,1,10.88
Guama Homestay,homestay,1,63,5933,69600,1tr1/ đêm,https://www.tiktok.com/@nguamodalat/video/7638250028758453524,1,10.66
Đèo SaCom,thiên nhiên,1,87,5334,26400,,https://www.tiktok.com/@giaygiaydalat/video/7638543354824854791,1,10.62
Homestay Andalat,homestay,1,240,3204,50200,,https://www.tiktok.com/@namkinhcan3004/video/7636356410216942866,1,10.56
Village Story,địa điểm checkin,1,71,4773,25700,,https://www.tiktok.com/@viehongdidau/video/7632976770332921095,1,10.55
Long Quan Dui,homestay,1,54,4336,139400,,https://www.tiktok.com/@longquandui/video/7603970364657421586,1,10.49
Hoa Nham Minh,homestay,1,88,3969,715,,https://www.tiktok.com/@homenhaminh_dalat/video/7638125167322877191,1,10.48
Đồi Mộng Mơ,thiên nhiên,1,189,2312,1339,,https://www.tiktok.com/@sk1p3r009/video/7497089146683542830,1,10.42
Datanla Đà Lạt,thiên nhiên,1,11,3141,14600,,https://www.tiktok.com/@wikidulich.com/video/7577590169797152018,1,10.33
Check-in free,địa điểm checkin,1,51,2449,43,,https://www.tiktok.com/@quin.pham997/video/7638249784771349780,0,10.3
Thác Phí Liêng,thiên nhiên,1,104,1912,159,,https://www.tiktok.com/@datvolamdong/video/7634156937034173716,1,10.3
LUXURY HOTEL ĐÀ LẠT,khách sạn,1,58,2325,123200,rẻ,https://www.tiktok.com/@tiktokgapgiquaydo/video/7638409963882188040,1,10.29
Địa điểm check in miễn phí,địa điểm checkin,1,62,1212,515,,https://www.tiktok.com/@dahala.travel/video/7566847171107081480,0,10.18
đồi Măng Lin,thiên nhiên,1,69,1104,640,,https://www.tiktok.com/@elllyvo/video/7627508083354324231,1,10.18
phòng khách sạn,khách sạn,1,34,1329,39,,https://www.tiktok.com/@catanh.hotel/video/7638246646534458631,0,10.17
Nhà Đẹp Dalat,khách sạn,1,15,1453,169,,https://www.tiktok.com/@biakhomucdalat68/video/7566266700388175122,0,10.16
Đà Lạt,thiên nhiên,1,74,892,60,,https://www.tiktok.com/@thorrr0012/video/7595076662346370324,1,10.16
Home đẹp,homestay,1,34,1167,1530,giá rẻ,https://www.tiktok.com/@duyenbookingdalat/video/7614884311837281554,1,10.15
ĐỐM,cafe,1,68,627,698,,https://www.tiktok.com/@tunvitdalat/video/7609889502294838549,1,10.13
Lẩu Treo Hoàng Hôn,chợ quán,1,8,373,0,,https://www.tiktok.com/@lautreohoanghon/video/7638308815603125522,0,10.05
Bánh Tráng Nướng Ngon Nhất Đà Lạt,chợ quán,1,154400,2400000,87800,,https://www.tiktok.com/@nhienthichan/video/7042878105987468546,0,404.4
Tiệm Cơm Gia Đình Ngon,chợ quán,1,19500,2100000,242500,bình dân,https://www.tiktok.com/@du_lich_dalat/video/7325313221819108610,1,239.5
Cà Tám Đà Lạt,chợ quán,1,54300,1600000,229100,,https://www.tiktok.com/@huevui98/video/7597422283459792136,1,224.3
Datanla,thiên nhiên,5,16316,970928,216400,,https://www.tiktok.com/@datanlawaterfall/video/7600226111255072018,5,163.41
Lang Biang Land,thiên nhiên,2,14945,1201069,16200,,https://www.tiktok.com/@_jingbo_/video/7474884678378343687,1,155.05
thác Datanla,thiên nhiên,6,14805,786122,789800,170k 1 người,https://www.tiktok.com/@nhandian/video/7468691106100776200,6,153.42
Langbiang,thiên nhiên,10,6510,149490,4227,,https://www.tiktok.com/@tc.tour/video/7588900908193320213,10,121.46
Quán local,chợ quán,1,6187,467900,1700000,,https://www.tiktok.com/@khaikhampha/video/7561794472640646407,0,62.98
Lang Biang,thiên nhiên,5,1998,84267,48700,,https://www.tiktok.com/@quynnchiiuu/video/7636719449567005959,5,60.42
Datanla Adventure Activities,thiên nhiên,1,20900,294600,695,,https://www.tiktok.com/@atiqahumirah_/video/7558449624244129031,1,60.36
Tiệm nướng local,chợ quán,1,10300,398800,59800,,https://www.tiktok.com/@hoanganhdidau/video/7592237795184348424,1,60.18
Da Lat Night Market,chợ quán,1,15300,308000,635900,,https://www.tiktok.com/@nama.bites/video/7190212898000571653,1,56.1
Đỉnh Langbiang,thiên nhiên,1,2913,246300,30100,,https://www.tiktok.com/@ha.didau/video/7447872324709256466,1,37.54
Quán nướng Đà Lạt,chợ quán,1,2766,208000,10600,,https://www.tiktok.com/@review.lt7/video/7602437711156219157,1,33.57
chỗ chụp hình,địa điểm checkin,1,1659,197900,1029,,https://www.tiktok.com/@chu3thun/video/7618431180450336008,0,31.45
Xứ Sở Cổng Trời,thiên nhiên,1,1887,142600,297,,https://www.tiktok.com/@xusocongtroi/video/7528426729644248337,1,26.15
Datanla Waterfall,thiên nhiên,2,1556,34938,8346,,https://www.tiktok.com/@vietnamexpress_moments/video/7622119772246822152,2,25.05
Tiệm cơm gà 20k,chợ quán,1,2189,103000,10100,20k,https://www.tiktok.com/@lunmango/video/7578802070728281352,1,22.49
Datanla New Alpine Coaster,thiên nhiên,2,133,3476,880,,https://www.tiktok.com/@faris_ruslan/video/7636968014696516885,2,20.48
lẩu gà lang biang,chợ quán,1,3194,71800,202200,150-300 cành,https://www.tiktok.com/@longlongneee/video/7558069521387441415,1,20.37
Datanla Falls,thiên nhiên,1,210,8226,5941,,https://www.tiktok.com/@charlie.tsg/video/7578522219459005718,1,11.03
Da Lat city,khác,1,210,8226,5941,,https://www.tiktok.com/@charlie.tsg/video/7578522219459005718,0,11.03
Catam,cafe,1,278,3673,32400,,https://www.tiktok.com/@chuyenlaca_/video/7564389953900170503,1,10.65
Chợ LightGem,chợ quán,1,76,2634,3440,,https://www.tiktok.com/@thaodiuu/video/7636721569640877319,1,10.34
Khách sạn Hoa Quynh,khách sạn,1,43,2717,26100,,https://www.tiktok.com/@hoaquynhdalat/video/7634786190746488082,0,10.31
Vườn cam Cara ruột đỏ,thiên nhiên,1,25,2110,2726,,https://www.tiktok.com/@thuy_nina2/video/7438507038516202760,1,10.24
Vườn cam canh K'long K'lanh,thiên nhiên,1,60,984,2681,,https://www.tiktok.com/@lcd_dalat/video/7590671504824749332,1,10.16
Nhà mới Nguyễn Hoàng,khách sạn,1,34,1203,48,2tỷ250tr,https://www.tiktok.com/@hongvanbdsdalat/video/7638251643766885653,1,10.15
Cây Cam Ngọt Coffee,cafe,1,37,761,53,,https://www.tiktok.com/@tienlendalat/video/7636201439043341586,1,10.11
Cam,chỗ checkin,1,23,788,228,,https://www.tiktok.com/@camdalat.ngoaitruyen/video/7513212679184485639,1,10.1
Cơm niêu,chợ quán,1,70100,2700000,9135,59K,https://www.tiktok.com/@tiemcomnieunhala/video/7344170952231570708,1,350.1
Quán cafe Đà Lạt,cafe,1,91400,2400000,789700,,https://www.tiktok.com/@nhandian/video/7164729843039472922,0,341.4
Café Mây,cafe,1,48600,2600000,25000,,https://www.tiktok.com/@spotly.asia/video/7254176332165287170,1,318.6
Cà phê mây Đà Lạt,cafe,1,48600,2600000,25000,,https://www.tiktok.com/@spotly.asia/video/7254176332165287170,1,318.6
Cà phê Đà Lạt,cafe,2,85131,1606955,33400,,https://www.tiktok.com/@lacaphee/video/7606900727604202759,1,265.83
New Light Coffee,cafe,1,58100,1800000,9934,,https://www.tiktok.com/@new_light_coffee/video/7505778560313920785,1,248.1
Quán cà phê mây,cafe,4,24378,1370761,42900,,https://www.tiktok.com/@dihetdalat/video/7537670988738137351,2,201.45
Cầu Treo Đa Nhim,địa điểm checkin,1,48800,1400000,5224,,https://www.tiktok.com/@quangdalatstudio/video/7343623713016925448,1,198.8
Thác Mây,thiên nhiên,1,22900,1100000,26700,,https://www.tiktok.com/@thacmay/video/7550279164360690962,1,142.9
Tiệm Cơm Niêu,chợ quán,1,13700,1100000,9135,59K,https://www.tiktok.com/@tiemcomnieunhala/video/7374044494146145544,1,133.7
Vị Nhà,nhà hàng,3,26574,546198,586,,https://www.tiktok.com/@vinhatiemcomdalat/video/7631789139515428114,2,111.19
Quán cafe tone đen siêu xịn sò,cafe,1,20600,783600,221900,,https://www.tiktok.com/@dichoimoingay/video/7333087546748030215,0,108.96
Cafe Sân Mây,cafe,1,43400,442700,1680,,https://www.tiktok.com/@caphengamruongbacthang/video/7591847193686854930,1,97.67
Viện Madera Đà Lạt,cafe,1,9376,736600,221900,,https://www.tiktok.com/@dichoimoingay/video/7212926517788167451,1,93.04
Cafe View Đẹp,cafe,1,15300,633300,1366,,https://www.tiktok.com/@360do_dalat/video/7584663801522375957,0,88.63
Tiệm trà mới mở,cafe,1,28700,466800,14600,,https://www.tiktok.com/@thaodimuonnoi/video/7634755846488050964,0,85.38
Cơm Gà Cơm Gia Đình,chợ quán,1,16100,566100,242400,,https://www.tiktok.com/@du_lich_dalat/video/7388817194697755912,0,82.71
Quán Cà Phê View,cafe,1,5080,602500,5777,,https://www.tiktok.com/@smiletuan/video/7171762443759275290,1,75.33
Cafe Lời Của Gió,cafe,1,4752,580000,70600,,https://www.tiktok.com/@julepe.sheen/video/7371685175857564946,1,72.75
Soho Coffee Đà Lạt,cafe,1,9119,486100,70600,,https://www.tiktok.com/@julepe.sheen/video/7601887338511289608,1,67.73
Coffee View Rừng Thông,cafe,1,9035,455300,242400,,https://www.tiktok.com/@du_lich_dalat/video/7370584944269184257,1,64.56
3 Quán Cafe View Siêu Đỉnh,địa điểm checkin,1,4056,479000,263300,,https://www.tiktok.com/@ghiendalat_official/video/7260308599430204673,0,61.96
155ca,cafe,1,17900,338900,1591,,https://www.tiktok.com/@vuongtong_1/video/7634451004020444423,1,61.79
Tiệm cơm phần siêu ngon,khác,1,8410,423600,207700,hơi bị rẻ,https://www.tiktok.com/@didalatcungtruc/video/7104962108843887899,1,60.77
Hoàng Hôn,địa điểm checkin,1,18300,319900,424400,,https://www.tiktok.com/@hachireview74/video/7460073643004022034,0,60.29
Cà phê Happy Hill,cafe,1,10300,364300,176200,,https://www.tiktok.com/@hongphuonghoteldalat42/video/7588448993714228481,1,56.73
Khách sạn đáng thử gần trung tâm Đà Lạt,khách sạn,1,6996,354200,42900,,https://www.tiktok.com/@dihetdalat/video/7515412014664043783,0,52.42
Quán Cơm Trưa Với Các Món Ăn Đặc Sản Của Người Đồng Bào,chợ quán,1,6023,354500,242400,bình dân,https://www.tiktok.com/@du_lich_dalat/video/7514631840213454088,1,51.47
Quán Cơm Linh,chợ quán,1,13700,265000,12300,,https://www.tiktok.com/@quancomlinhdalat/video/7575476880564817159,1,50.2
Xưởng Kem Hoa,cafe,1,7810,323100,1332,,https://www.tiktok.com/@checkindalat24h/video/7579053153572736263,1,50.12
Cafe treo trên sườn đồi,cafe,1,2573,272500,51900,,https://www.tiktok.com/@bolonton_/video/7483739997804236040,1,39.82
Quán Cafe Vibe Hàn,cafe,1,7690,209300,4925,,https://www.tiktok.com/@mee.dalat/video/7616305515848551700,1,38.62
Dieu Thong Hotel,khách sạn,1,6809,168100,200300,,https://www.tiktok.com/@tuthoreview/video/7397796407630908679,1,33.62
Workspace Coffee,cafe,1,6567,169000,4264,,https://www.tiktok.com/@daladala247/video/7621603884275993864,1,33.47
Cơm Tấm Ngon Rẻ,chợ quán,1,6183,169300,51500,ngon rẻ,https://www.tiktok.com/@xalachtrondaugiam/video/7562106189757156616,1,33.11
Cafe view lồng đèn,cafe,1,4040,188500,42900,,https://www.tiktok.com/@dihetdalat/video/7569585622667644178,1,32.89
Dalat Cafe,cafe,3,1090,17598,14000,mid,https://www.tiktok.com/@tiktokmadejasdoit/video/7636136839123832078,1,32.85
Tháp truyền hình Đà Lạt,địa điểm checkin,1,5110,150700,5133,,https://www.tiktok.com/@sino4994/video/7610766108861172999,1,30.18
Băng Đàn Garden,cafe,1,2396,171500,11800,,https://www.tiktok.com/@comdongbao47/video/7596484433016900885,1,29.55
Cơm Gà Bình Dân,chợ quán,1,3344,158000,455500,平价,https://www.tiktok.com/@dicungphuc/video/7544952330693840136,1,29.14
Quán cơm số 7,chợ quán,1,2196,151600,43800,,https://www.tiktok.com/@tanohien/video/7371443709138832648,1,27.36
Quán Cơm Niêu Ngon,chợ quán,1,1575,147500,242400,,https://www.tiktok.com/@du_lich_dalat/video/7349758713667898625,0,26.32
Tiệm Trà Thông Mơ,cafe,1,1036,107000,25300,,https://www.tiktok.com/@dicungdalat/video/7634466778566888712,1,21.74
Dalat's Cafe,cafe,2,427,7206,3272,,https://www.tiktok.com/@lou502city/video/7625401545194065183,1,21.15
Quán cơm Niêu,chợ quán,1,1448,84200,118500,,https://www.tiktok.com/@nhatlinhneeeee/video/7509356990028647687,0,19.87
Quán Cơm Đà Lạt Ngon Như Cơm Mẹ Nấu,chợ quán,1,1406,84300,242400,,https://www.tiktok.com/@du_lich_dalat/video/7396907489075252487,1,19.84
Quán Cà phê Hoa Xương Rồng,cafe,1,1977,75100,184,,https://www.tiktok.com/@caphedalat01/video/7414005832070860040,1,19.49
Tiệm cơm Bình Yên,quán ăn,1,2407,64300,302600,,https://www.tiktok.com/@chidichilll/video/7607257270879128839,1,18.84
Airdream Coffee Dalat,cafe,1,472,81100,184,,https://www.tiktok.com/@caphedalat01/video/7451922064589606152,1,18.58
Ga49 Dalat,cafe,1,3075,52200,1332,,https://www.tiktok.com/@checkindalat24h/video/7632297555413437704,1,18.3
The Lam,chợ quán,1,784,74700,2125,80k,https://www.tiktok.com/@thelam35lytutrong/video/7564221039358561544,1,18.25
Cơm Tấm Utle,chợ quán,1,765,65500,242400,,https://www.tiktok.com/@du_lich_dalat/video/7524272450293517576,0,17.32
Quán cf đón hoàng hôn,cafe,1,1250,57800,336100,,https://www.tiktok.com/@lulureview_/video/7605923721500544263,1,17.03
Tavin Coffee,cafe,1,1537,49100,15700,,https://www.tiktok.com/@dalat_reels/video/7592931867377224980,1,16.45
Quán cafe mới toanh tại Đà Lạt,cafe,1,1219,49700,117,,https://www.tiktok.com/@littletown.dalat/video/7632129162613951752,0,16.19
Quán cf mới mở,cafe,1,623,53700,111100,,https://www.tiktok.com/@nhanphepha/video/7603708453218979092,1,15.99
New Light Coffee Đà Lạt,cafe,1,663,52900,207700,,https://www.tiktok.com/@didalatcungtruc/video/7633363595354590485,1,15.95
Quảng Trường La Mã,địa điểm checkin,1,1193,45100,26700,,https://www.tiktok.com/@ducdodalat/video/7601042075273923858,1,15.7
Cafe hidden hẻm nhỏ Đà Lạt,cafe,1,1479,37700,4106,,https://www.tiktok.com/@caphedi.dalat/video/7398767159897246994,0,15.25
Tiệm cơm Hồi Nớ,chợ quán,1,916,40900,9914,ngon rẻ,https://www.tiktok.com/@nghiabiu.daily/video/7617051471355350292,1,15.01
hostel,homestay,1,772,38000,17500,,https://www.tiktok.com/@reeceisgone/video/7601562561313803542,1,14.57
Tiệm cơm Linh,chợ quán,1,644,37800,51900,,https://www.tiktok.com/@bolonton_/video/7480398850885274888,0,14.42
Quán cà phê ngắm hoàng hôn,cafe,1,331,39600,184,,https://www.tiktok.com/@caphedalat01/video/7389894220972166421,0,14.29
Hoa Xương Rồng,cafe,1,688,33600,184,,https://www.tiktok.com/@caphedalat01/video/7432858277999922440,1,14.05
Chuyện Của Mơ,cafe,1,374,36000,336100,,https://www.tiktok.com/@lulureview_/video/7632984252665122066,1,13.97
Tiệm Bánh Mì,chợ quán,1,322,36400,15600,,https://www.tiktok.com/@dalatstreet/video/7632132173440535828,0,13.96
Tiệm cơm nhà ngon,chợ quán,1,143,31400,231300,,https://www.tiktok.com/@baro.phe/video/7431168879977630994,1,13.28
Cherry Pet Coffee,cafe,1,227,28300,7447,,https://www.tiktok.com/@hiakhoa/video/7326562163907235074,1,13.06
Tiệm cafe cos,cafe,1,411,21400,20500,,https://www.tiktok.com/@chenhvenhcoffee/video/7614896395031465234,1,12.55
Cô Vy Chilly,cafe,1,279,21900,39100,,https://www.tiktok.com/@vie.viee__/video/7624514687627054356,1,12.47
Nhà Thờ Vinh Sơn,thiên nhiên,1,340,11200,385,,https://www.tiktok.com/@daddydalat/video/7632503603315363080,1,11.46
Cottage House,cafe,1,101,12700,2449,,https://www.tiktok.com/@thomdalat/video/7541610504578469127,1,11.37
Coffee Shops,cafe,1,175,9604,32900,,https://www.tiktok.com/@jacobj_lars/video/7625439166242802958,0,11.14
Bánh Mì BA ĐỜI,chợ quán,1,373,6725,12400,,https://www.tiktok.com/@linhtoursanmaydalat/video/7507842610304699656,0,11.05
Da Lat Railway Station,địa điểm checkin,1,213,6848,210100,,https://www.tiktok.com/@vietnamtodayvtv/video/7577343259538689298,1,10.9
ATÊ goy,cafe,1,90,7562,458,,https://www.tiktok.com/@atesignature.dalat/video/7618554983851691284,1,10.85
Banh Mi Xiu Mai,chợ quán,1,193,6545,12600,,https://www.tiktok.com/@minutemuncher/video/7436000173614009643,0,10.85
Cafe rừng nhiệt đới thu nhỏ,cafe,1,103,7005,39100,,https://www.tiktok.com/@vie.viee__/video/7622681539838561557,1,10.8
Cafe Moidalat,cafe,1,130,6665,184,baotienmotmobinhyen,https://www.tiktok.com/@caphedalat01/video/7390576299573562644,1,10.8
Tiệm cà phê Custty - Coffee & More Đà Lạt,cafe,1,58,7331,184,,https://www.tiktok.com/@caphedalat01/video/7450131900565327111,1,10.79
WAKEN BEANS COFFEE,cafe,1,193,5662,207,,https://www.tiktok.com/@dky.zzz0/video/7637853189676584212,1,10.76
Cheo veo cà phê,cafe,1,75,4489,346,,https://www.tiktok.com/@chagiotomthitsieungon/video/7598760559059750165,1,10.52
Circle Coffee,cafe,1,343,1623,9772,,https://www.tiktok.com/@hoaithuong420/video/7626258724960603412,1,10.51
Quán cơm gà có nhiều loại sốt,chợ quán,1,52,3615,5938,,https://www.tiktok.com/@comgakuboc.dalat/video/7628488627995086100,0,10.41
Quán cà phê Đà Lạt,cafe,1,73,2936,117,,https://www.tiktok.com/@littletown.dalat/video/7634114282900196626,0,10.37
Dốc Thị,thiên nhiên,1,77,1740,597,,https://www.tiktok.com/@top.check.in.da.lat/video/7575390744442064149,1,10.25
AirDream Cafe,cafe,1,28,2070,1272,,https://www.tiktok.com/@airdreamcafe/video/7638126017940376840,1,10.24
Quán Cơm Linh Đà Lạt,chợ quán,1,54,1321,647,,https://www.tiktok.com/@quancomlinh.doithuong/video/7637753715897715975,0,10.19
LIMI WORLD,địa điểm checkin,1,20,1441,1807,,https://www.tiktok.com/@quanthedulichpini/video/7433598646714748177,1,10.16
Cafe Dalat,cafe,1,33,1134,196,,https://www.tiktok.com/@gocnhodalat_23/video/7635584223646141714,0,10.15
Trạm Duyệt Chill,địa điểm checkin,1,39,984,717,,https://www.tiktok.com/@dalatchillguy/video/7593286507075554578,1,10.14
Quán Cafe Mây,cafe,1,29,983,254,,https://www.tiktok.com/@noir.coffee.57/video/7637896514794278165,0,10.13
The Blessed Virgin Hotel,khách sạn,1,31,748,1013,,https://www.tiktok.com/@hodotadalatnha/video/7607050820575710480,1,10.11
Si ☕🌿,cafe,1,31,616,2711,,https://www.tiktok.com/@sidalat.caphe/video/7638641386215984392,1,10.09
Xíu mại chén Đà Lạt,chợ quán,1,20,562,141,,https://www.tiktok.com/@lynio88/video/7308969069770722590,0,10.08
Dinh Nhung Rose,thiên nhiên,1,18,604,4964,,https://www.tiktok.com/@dinhnhungrose/video/7638431364689317127,1,10.08
BLUE DREAM,cafe,1,28,457,122,hơi đắt,https://www.tiktok.com/@nhamnhamnee/video/7638328243866635527,1,10.07
Khu trưng bày cổ vật Pi Ni,địa điểm checkin,1,15,373,1807,,https://www.tiktok.com/@quanthedulichpini/video/7434349282196589844,1,10.05
Biệt điện Trần Lệ Xuân,địa điểm checkin,1,6,441,738,,https://www.tiktok.com/@hazelssketches/video/7634577373265956117,1,10.05
Tiem Com Tau,chợ quán,1,8,254,4329,,https://www.tiktok.com/@laurenvacula/video/7629196342413315358,1,10.03
Tiệm bánh mì ĐÀ LẠT,chợ quán,1,12,160,58,,https://www.tiktok.com/@tiembanhmidalatld/video/7558787033959763218,1,10.03
CAP 777,cafe,1,3,110,9,,https://www.tiktok.com/@cap777.bar/video/7637868447006723348,1,10.01
Chân gà quái thú Đà Lạt,chợ quán,1,56800,1500000,71300,,https://www.tiktok.com/@sieuanvat25/video/7239287781401398533,1,216.8
Cafe Hot,cafe,1,11500,832600,100300,,https://www.tiktok.com/@yangho0910/video/7387663612401290517,0,104.76
Laughekimchi,chợ quán,1,18100,718400,177400,,https://www.tiktok.com/@kuti20297/video/7555868969111014664,1,99.94
Thôn 330,thiên nhiên,1,31600,406900,482300,,https://www.tiktok.com/@ngocduy_diachianuong/video/7514908810608168200,1,82.29
Tiệm cafe bên suối,cafe,1,12000,576500,60300,,https://www.tiktok.com/@chulamreview/video/7442942424147692817,0,79.65
Tiệm bánh căn của người Đà Lạt,chợ quán,1,14600,506000,482300,30k,https://www.tiktok.com/@ngocduy_diachianuong/video/7599515795651071253,1,75.2
SOLENA Quãng Trường La Mã Đà Lạt,địa điểm checkin,1,16100,392800,2880,,https://www.tiktok.com/@chenhimientay/video/7604057447661079826,1,65.38
Tích Lan Cột Tình Đà Lạt,thiên nhiên,1,22200,319700,15900,,https://www.tiktok.com/@dalat_fairytale_land/video/7620435689280163090,1,64.17
Chợ đêm Đà Lạt,chợ quán,1,6883,290500,102100,,https://www.tiktok.com/@callmevyvo/video/7359542199014493448,1,45.93
Cà Phê Hồng Phát Đà Lạt,cafe,4,61,1772,165,,https://www.tiktok.com/@hongphatdalat/video/7638628112892300564,4,40.24
Nét đẹp tự nhiên Đà Lạt,thiên nhiên,1,13100,151200,12500,,https://www.tiktok.com/@sundilaca/video/7631971399866780944,1,38.22
Tiệm cafe tại Đà Lạt,cafe,1,6586,212300,60300,,https://www.tiktok.com/@chulamreview/video/7448123460804562183,0,37.82
Tiệm Mì Kaito,chợ quán,1,6069,205700,29300,,https://www.tiktok.com/@nim.fav/video/7307841851686522119,1,36.64
Rừng Lá Kim Cafe,cafe,1,3076,176400,200300,,https://www.tiktok.com/@tuthoreview/video/7403709530078579976,1,30.72
Là Bữa In Dalat,chợ quán,1,2232,171200,177400,55🌿 cho một người,https://www.tiktok.com/@kuti20297/video/7543968164565077266,1,29.35
Tiệm nướng mùa thu Đà Lạt,khác,1,3864,132100,482300,,https://www.tiktok.com/@ngocduy_diachianuong/video/7607637946195283220,1,27.07
Tiệm ăn vặt ngon ở Đà Lạt,chợ quán,1,3921,119600,207700,,https://www.tiktok.com/@didalatcungtruc/video/7457163819102637320,0,25.88
Quán ốc siêu ngon và tươi,chợ quán,1,3210,123500,177400,,https://www.tiktok.com/@kuti20297/video/7453686964391349511,0,25.56
Chòi Ôi,chợ quán,1,4619,93700,1322,,https://www.tiktok.com/@ngocdilacreview/video/7611906520112139541,1,23.99
Ăn vặt Ying Đà Lạt,chợ quán,1,2921,110300,207700,,https://www.tiktok.com/@didalatcungtruc/video/7466082656061672712,0,23.95
Tiệm cà phê nhà của Thông Đà Lạt,cafe,1,1186,90900,482300,,https://www.tiktok.com/@ngocduy_diachianuong/video/7602115620703833365,1,20.28
Cà phê Vùng Ngoại Ô Đà Lạt,cafe,2,33,1048,3439,,https://www.tiktok.com/@sanmayvungngoaio/video/7638278348048698642,2,20.14
LÒ BÁNH CĂN ĐÀ LẠT,chợ quán,1,1754,83700,143800,ngon rẻ chấn động,https://www.tiktok.com/@didauofficial/video/7533457708364631314,1,20.12
Vibes Boutique Hotel Dalat,khách sạn,2,12,651,144,,https://www.tiktok.com/@vibesboutiquehoteldalat/video/7633607362175159573,2,20.08
Quán mẹ con Huế,chợ quán,1,1472,80400,4487,,https://www.tiktok.com/@meconhueodalat/video/7624002766230342933,0,19.51
Bánh tráng nướng Đà Lạt,chợ quán,1,1598,76700,1553,,https://www.tiktok.com/@reviewbybummie/video/7596584713528036616,0,19.27
Vũ Đìêng Gió Coffee,cafe,1,324,88400,4789,,https://www.tiktok.com/@vudieugio/video/7445903806765763841,0,19.16
Quán cà phê mới toanh,cafe,1,1336,69300,109700,,https://www.tiktok.com/@mc_quangtamm/video/7385911460192390417,0,18.27
Kiosk khu tổ hợp chợ mới,chợ quán,1,1463,56700,2793,,https://www.tiktok.com/@hi.girl.beaute/video/7592585190082399496,1,17.13
Vườn cẩm tú cầu DonkiLand,địa điểm checkin,1,167,46600,58000,,https://www.tiktok.com/@dalatreviewcotam/video/7429645808452128001,1,14.83
Địa điểm café xóm lẻ,cafe,1,1993,27600,738,,https://www.tiktok.com/@gianghiem01/video/7392422406733729040,0,14.75
Tiệm cà phê Dốc Thị,cafe,1,882,35300,315100,,https://www.tiktok.com/@bananzidong/video/7452307410745658632,1,14.41
Khu Vườn Bonsai Que Garden,thiên nhiên,1,555,37500,2616,,https://www.tiktok.com/@quegardenvanthanh/video/7519366669341347090,1,14.3
B'Nơm Kitchen,chợ quán,1,334,33400,177400,rẻ,https://www.tiktok.com/@kuti20297/video/7522678391573613831,1,13.67
Quán cafe có hoa Tullip,cafe,1,616,30400,120500,,https://www.tiktok.com/@lananhne95/video/7323510371262795015,1,13.66
Guye Histudio,địa điểm checkin,1,1287,20600,51100,,https://www.tiktok.com/@minhatminh/video/7529031556061531410,1,13.35
Quán cafe có vibe Đà Lạt,cafe,1,1351,15500,61900,,https://www.tiktok.com/@tutadida.sg/video/7321956744438074625,0,12.9
Tiệm ăn vặt Mây Hồng,chợ quán,1,484,19700,207700,,https://www.tiktok.com/@didalatcungtruc/video/7632508485653171477,1,12.45
Quán cafe Thời Thanh Xuân,cafe,1,297,21500,23700,,https://www.tiktok.com/@traveleverywhere.vn/video/7399602885719346450,1,12.45
Near coffee,cafe,1,163,22200,26700,,https://www.tiktok.com/@ducdodalat/video/7324336510549904658,1,12.38
Wai cafe,cafe,1,163,22200,26700,,https://www.tiktok.com/@ducdodalat/video/7324336510549904658,1,12.38
Vườn địa đàng,thiên nhiên,1,163,22200,26700,,https://www.tiktok.com/@ducdodalat/video/7324336510549904658,0,12.38
Cafe Siu Hợp,cafe,1,428,14800,42800,,https://www.tiktok.com/@chuyen_cua_nu/video/7326017738105752839,1,11.91
Tà Hũ Phớ,địa điểm checkin,1,73,16900,372,,https://www.tiktok.com/@quynhtim_family/video/7183902020577840427,1,11.76
Nan Hor,cafe,1,130,10600,6106,,https://www.tiktok.com/@nanhor_/video/7365333594476137745,1,11.19
Khu vườn Cottage,địa điểm checkin,1,530,6533,11400,,https://www.tiktok.com/@thelittlecottage.dalat/video/7621769591382953236,1,11.18
Tiệm Nướng Hoàng Hôn,khách sạn | nhà hàng,1,32,10400,13100,,https://www.tiktok.com/@tiemnuong.hoanghon/video/7625929424847883527,1,11.07
Zen Homestay Dalat,homestay,1,443,5714,1353,,https://www.tiktok.com/@zenhomestaydalat/video/7605968521306197256,1,11.01
Quán nướng ngói Cù Đúc,chợ quán,1,113,8409,68800,,https://www.tiktok.com/@eatwithdien/video/7528458207006625041,0,10.95
Cafe Vườn Địa Đàng,cafe,1,53,8887,46600,,https://www.tiktok.com/@tuanlinhphuot_official/video/7325604357641211137,1,10.94
Mẻ C Coffee,cafe,1,242,5824,29400,,https://www.tiktok.com/@anhthuydaisy/video/7353807042613742849,0,10.82
Caffe Vườn Địa Đàng,cafe,1,314,2701,4765,,https://www.tiktok.com/@diemthuynguyen_1979/video/7450640480565464338,1,10.58
Sleepbox tại BB's Garden,homestay,1,31,4446,1763,,https://www.tiktok.com/@bbgarden.dalat/video/7510101496059546888,1,10.48
Vintage Cafe 1991,cafe,1,38,4441,25800,,https://www.tiktok.com/@hoaquynhdalat/video/7352741823116234001,1,10.48
Tiem cafe thang bay,cafe,1,63,3661,5567,,https://www.tiktok.com/@thanhluan.1010/video/7317634272913935618,1,10.43
Hòn Bồ,thiên nhiên,1,59,2682,3828,,https://www.tiktok.com/@dalatchillmap/video/7561792004250815764,1,10.33
RIN Hotel Dalat,khách sạn,1,52,2578,280,,https://www.tiktok.com/@rin.hotel/video/7632590461282045202,1,10.31
quán lẩu gà ớt hiểm Tụt nướng,chợ quán,1,24,2387,2300,,https://www.tiktok.com/@tutoidalat/video/7553478402427145480,1,10.26
Cafe Toi Den,cafe,1,33,2130,4952,,https://www.tiktok.com/@cafetoiden/video/7611821097239022869,1,10.25
Chiếc Riêng,chợ quán,1,17,2011,3037,còn phải chăng,https://www.tiktok.com/@cuocsongovungtau/video/7632905110674230548,1,10.22
Cafe Tuimo,cafe,1,62,1606,368,,https://www.tiktok.com/@nurrul.k/video/7347781883209534726,1,10.22
Homestay có chiếc bếp view triệu đô săn mây mỗi sáng,homestay,1,18,1851,192,,https://www.tiktok.com/@lilythichdichoi/video/7559603261465218325,1,10.2
Tiệm lẩu gà ớt hiểm,chợ quán,1,20,1684,2300,,https://www.tiktok.com/@tutoidalat/video/7547552610694319378,1,10.19
Villa có hồ bơi nước nóng,homestay,1,33,1589,1192,,https://www.tiktok.com/@diadiem.luutru/video/7597404491700292882,1,10.19
Suối Mát,thiên nhiên,1,42,1416,2918,,https://www.tiktok.com/@vyy8234/video/7617701494036483336,1,10.18
Bánh Mì Xíu Mai 79,chợ quán,1,36,1246,102,22 - 25k/ phần,https://www.tiktok.com/@openmymindforfood/video/7507858481882402066,1,10.16
Bliss Home,homestay,1,19,1422,2217,300 ka,https://www.tiktok.com/@bliss.home.govap/video/7638130333644360968,1,10.16
Chon Binhyen Coffee,cafe,1,57,1010,90,,https://www.tiktok.com/@chonbinhyencoffeedalat/video/7624022339621047560,1,10.16
Tiệm cà phê Hoàng Hôn Chiều,cafe,1,50,900,64,,https://www.tiktok.com/@onenightstation/video/7551067372229102866,1,10.14
Quán Lẩu và Nướng Tôm Bầu,chợ quán,1,24,860,538,,https://www.tiktok.com/@tombaudalat/video/7628930848670158101,1,10.11
1/2 Circle,cafe,1,16,928,768,,https://www.tiktok.com/@kim_luu1904/video/7446358616766041351,1,10.11
Quán cafe check in Cực Chill,cafe | địa điểm checkin,1,35,622,16500,,https://www.tiktok.com/@anh_tai_xe_da_lat/video/7399143522173029639,1,10.1
Tiệm bánh Trăng Nhỏ,chợ quán,1,15,784,1921,,https://www.tiktok.com/@tiembanhtrangnhin/video/7638802322600152341,0,10.09
Hồng Phát,cafe,1,27,527,165,,https://www.tiktok.com/@hongphatdalat/video/7635599682042957077,1,10.08
L'amant De Dalat,homestay,1,14,538,1192,,https://www.tiktok.com/@diadiem.luutru/video/7637012538034556181,1,10.07
Rose Hill Dalat Villa,homestay,1,17,502,430,,https://www.tiktok.com/@rosehillvilladalat/video/7610641855058808084,1,10.07
Vườn thú Zoodoo,thiên nhiên,1,37,247,1560,,https://www.tiktok.com/@grinlai/video/7636632967338560775,1,10.06
Beros,homestay,1,15,408,1192,,https://www.tiktok.com/@diadiem.luutru/video/7637828621704465684,1,10.06
Lưng Đồi,thiên nhiên,1,21,338,2311,,https://www.tiktok.com/@lungdoicoffee_backery/video/7615550815121575186,1,10.05
Misol Coffee,cafe,1,22,270,2784,,https://www.tiktok.com/@misolcoffee/video/7636216950393441557,1,10.05
Ba Ba Ciu Valley,thiên nhiên,1,19,260,1337,,https://www.tiktok.com/@hoangminh291194/video/7354954666188344577,1,10.04
Modalat Village,địa điểm checkin,1,10,342,2026,,https://www.tiktok.com/@m.dalats.village/video/7638127496793230613,1,10.04
Coffee Homestay HĐK,homestay,1,14,218,263,,https://www.tiktok.com/@coffeetrasuahdkdalat/video/7626657632442518805,1,10.04
KAT HOTEL Bùi Thị Xuân,khách sạn,1,3,136,259,,https://www.tiktok.com/@kathotel_dalat/video/7637108993717980436,1,10.02
Tiệm cà phê Miền Du Mục,cafe,1,41700,2100000,123300,,https://www.tiktok.com/@tiktokgapgiquaydo/video/7571609207460482322,1,261.7
Cà phê Bản Lèo,cafe,3,37966,1008600,568600,,https://www.tiktok.com/@suoibinhyen/video/7596534131127749909,3,168.83
Quán ăn khuya Phung Lai,chợ quán,1,58200,959900,3600000,,https://www.tiktok.com/@phunglai2222/video/7514281689141546248,0,164.19
Quán cafe tone đen xịn nhất ở Đà Lạt,cafe,1,31700,1200000,222100,,https://www.tiktok.com/@dichoimoingay/video/7360554249291353352,0,161.7
Vườn hoa cúc hoạ mi,thiên nhiên,1,29800,845300,216400,,https://www.tiktok.com/@dalatstatus/video/7327589103120223506,1,124.33
Rừng Na Uy,thiên nhiên,1,29700,659100,524,,https://www.tiktok.com/@quanhchilllamm/video/7593951981899631880,1,105.61
Bánh canh cua Luxury,chợ quán,1,13000,716100,177400,,https://www.tiktok.com/@kuti20297/video/7463821415771278610,1,94.61
Dưới tán anh đào,cafe,1,35300,385800,19600,,https://www.tiktok.com/@duoitananhdao/video/7632578262715157767,1,83.88
Miendumuc,cafe,1,50700,207600,146700,,https://www.tiktok.com/@min.du.mc/video/7635592961463569685,0,81.46
Fairytale Land,địa điểm checkin,1,31900,226400,16000,,https://www.tiktok.com/@dalat_fairytale_land/video/7448631956603981074,1,64.54
Đêm nhạc Ở Lại Mây,địa điểm checkin,1,3388,312700,9115,,https://www.tiktok.com/@olaimay.dalat/video/7622118181519232274,1,44.66
Tiệm Cơm Hồi Đó,chợ quán,1,5057,271200,74000,平价,https://www.tiktok.com/@sayhihuy/video/7351351906515619090,1,42.18
Lang farm,địa điểm checkin,1,2866,263800,54100,,https://www.tiktok.com/@langfarmcenter/video/7527934538673032449,1,39.25
Bản Lèo,thiên nhiên,1,6061,226600,25300,,https://www.tiktok.com/@dicungdalat/video/7636190646923169031,1,38.72
DalangFarm,địa điểm checkin,1,7201,174200,972,,https://www.tiktok.com/@dalangdalat/video/7613347098100124946,1,34.62
Rừng Giao Hưởng,thiên nhiên,1,3597,202900,8893,,https://www.tiktok.com/@runggiaohuong/video/7620294626150288660,1,33.89
Mộc Quán BBQ,chợ quán,1,1404,202100,71900,,https://www.tiktok.com/@tungnuitravel/video/7445286601103510801,0,31.61
Quảng Trường Lâm Viên,địa điểm checkin,1,18500,21400,128900,,https://www.tiktok.com/@myandangdoiban999/video/7587644118529101072,1,30.64
Tiệm cà phê Dốc thị,cafe,1,3653,145500,200300,,https://www.tiktok.com/@tuthoreview/video/7499085053125823764,1,28.2
Quán lẩu nướng Cô Xuân,chợ quán,1,2311,137100,315100,,https://www.tiktok.com/@bananzidong/video/7490785825370688776,1,26.02
Ana Mandara Đà Lạt,khách sạn,1,981,144400,11900,,https://www.tiktok.com/@huykutis/video/7256324410284444934,1,25.42
Nhà Của Thông,địa điểm checkin,1,1656,100600,25300,,https://www.tiktok.com/@dicungdalat/video/7628756995616607506,1,21.72
6 con dốc,địa điểm checkin,1,1781,99300,42900,,https://www.tiktok.com/@dihetdalat/video/7549544110693174536,1,21.71
Tiệm cf Nàng Dalat,cafe,1,1575,97000,23900,,https://www.tiktok.com/@tiemcafenangdalat/video/7418937812419988743,1,21.27
Bếp Hứa Gia,nhà hàng,1,1090,77500,14600,,https://www.tiktok.com/@dienodalat.py/video/7630321185460440338,1,18.84
Bún bò An Cựu,chợ quán,1,329,72300,33500,,https://www.tiktok.com/@lacaphee/video/7632515240151747858,1,17.56
Lách Tách,chợ quán,1,3107,38400,178,55ka/ người,https://www.tiktok.com/@lachtachdalat/video/7431492075218128146,1,16.95
Đôi Đũa Có Cơm Niêu,quán ăn,1,1550,52700,4250,,https://www.tiktok.com/@doiduadalat/video/7503154580214091016,0,16.82
Top 5 khách sạn 4 sao Đà Lạt sang trọng,khách sạn,1,420,62700,8225,4 sao,https://www.tiktok.com/@dalatcungtico/video/7217422273534266629,1,16.69
Quán ăn vặt guột,chợ quán,1,1908,47200,62100,,https://www.tiktok.com/@_dmylinh/video/7299428100247506184,0,16.63
Mercure Dalat Resort,khách sạn,1,184,58700,94,,https://www.tiktok.com/@datng.booking/video/7341378314323447060,1,16.05
Lẩu gà lá é Tạo Ngộ,chợ quán,1,750,42400,74000,,https://www.tiktok.com/@sayhihuy/video/7350238587985726738,1,14.99
Reo,cafe,1,1518,34600,102900,,https://www.tiktok.com/@reodalat/video/7635682789181885703,1,14.98
5 địa điểm có hoa phượng tím tại Đà Lạt,địa điểm checkin,1,603,40100,42900,,https://www.tiktok.com/@dihetdalat/video/7612572085180845333,0,14.61
Quán ăn Mẹ Con Huế,chợ quán,1,515,32800,4487,,https://www.tiktok.com/@meconhueodalat/video/7612220469835517205,0,13.8
Mood Cine,cafe,1,657,25700,944,,https://www.tiktok.com/@cineboxdalatt/video/7532168614066130184,1,13.23
Tiệm Nhà Út,chợ quán,1,116,30200,1938,,https://www.tiktok.com/@duy.dalat/video/7303144569539988744,1,13.14
Thảo Muốn Nói,cafe,1,281,26600,14700,,https://www.tiktok.com/@thaodimuonnoi/video/7517469830358846728,1,12.94
Cà phê xanh lùn,cafe,1,524,16800,6386,,https://www.tiktok.com/@gaaaconn/video/7480527027444010247,1,12.2
Kissa Cafe & Diner,cafe,1,516,16700,1400000,,https://www.tiktok.com/@kl.foodie/video/7638513319166463252,0,12.19
Say xưa,chợ quán,1,103,16500,8205,,https://www.tiktok.com/@bocauzotriiudalat/video/7524263642276105479,1,11.75
Canh Homestay Dalat,homestay,1,490,12300,749,,https://www.tiktok.com/@gacnhohomestay/video/7626078738307878164,1,11.72
Phủ Phê Đà Lạt,nhà hàng,1,51,9219,402,,https://www.tiktok.com/@phuphedl/video/7455275974356258056,1,10.97
Tiệm ăn HoaVenRừng,nhà hàng,1,232,7162,816,,https://www.tiktok.com/@tiemangiadinhhoavenrung/video/7520852332108614930,1,10.95
Chè và bún huế,chợ quán,1,126,6843,1322,,https://www.tiktok.com/@ngocdilacreview/video/7638502808114760980,0,10.81
Nơi nào cafe đẹp,cafe,1,36,6144,1568,,https://www.tiktok.com/@gotaditravel/video/7615478825572388117,0,10.65
Café sáng sớm Đà Lạt,cafe,1,36,6144,1568,,https://www.tiktok.com/@gotaditravel/video/7615478825572388117,0,10.65
Rendez-vous,cafe,1,18,4346,240,,https://www.tiktok.com/@rendezvous_dalat/video/7523389423199849735,1,10.45
Hoa Ven Rừng,địa điểm checkin,1,104,2500,816,,https://www.tiktok.com/@tiemangiadinhhoavenrung/video/7521937649511238920,1,10.35
Café Miền Du,cafe,1,247,761,2718,,https://www.tiktok.com/@chau.giang.dng/video/7632565519182236936,1,10.32
Quán cà phê ấm áp,chợ quán,1,68,1485,2582,,https://www.tiktok.com/@gocnhodalat_01/video/7565844061144239367,0,10.22
Tiệm Cafe Nhớ Hoài,cafe,1,62,1523,116,,https://www.tiktok.com/@langthanglk/video/7552701224886275336,1,10.21
Orio Homestay,homestay,1,29,1324,11100,,https://www.tiktok.com/@oriodalat/video/7638548448559500564,1,10.16
Tiệm cà phê trong Rừng,cafe,1,26,592,113,,https://www.tiktok.com/@vudasar/video/7590390530903641364,1,10.09
cà phê REO,cafe,1,21,634,310,,https://www.tiktok.com/@mimiatwork11/video/7633298477916753173,1,10.08
Ly Cafe,cafe,1,18,393,252300,,https://www.tiktok.com/@nguyenpalmas/video/7638304600553950472,1,10.06
Café Sáng Ngã 3 Thác Pongour,cafe,1,23,326,1000,,https://www.tiktok.com/@smile.life.good/video/7593566255378926856,1,10.06
Vu Homestay Đà Lạt,homestay,1,24,304,3886,"3.x.x – 4.x.x /đêm, 5.x.x – 7.x.x /đêm",https://www.tiktok.com/@vuhomestaydalat25/video/7585116320832752903,1,10.05
Đặc Sản Nhà Tôm,chợ quán,1,5,437,2582,,https://www.tiktok.com/@gocnhodalat_01/video/7455682538518990087,0,10.05
Tam Giác Mạch,cafe,1,2,147,2,,https://www.tiktok.com/@gocnho.dalat/video/7030058273285934363,1,10.02
Edin Cafe,cafe,1,2,102,126,,https://www.tiktok.com/@moonlightfloralrva/video/7638872527711915294,1,10.01
Vạn Hoa Đà Lạt,địa điểm checkin,1,1,67,8007,,https://www.tiktok.com/@kdlvanhoadalat/video/7638834313928199445,1,10.01
Camping Lý tưởng,địa điểm checkin,1,6,77,58,,https://www.tiktok.com/@_dalatxinhdep/video/6996251672645340417,1,10.01
Quán siêu xinh,quán cà phê mây | Cafe May,1,3,39,2582,,https://www.tiktok.com/@gocnhodalat_01/video/7407332379066518791,0,10.01
