place_name,type,mention_count,total_digg,total_plays,max_followers,price_mentions,video_urls,video_caption,confidence_high,popularity_score,aliases
thác Datanla,địa điểm checkin,16,75436,3263800,789600,170k 1 người,https://www.tiktok.com/@nhanphepha/video/7639633466505596180,"Thác DaTanLa Đà Lạt, Bao Lâu Rồi Bạn Chưa Ghé ? #dalat #thacnuoc #tourguidedeptrai #canhdepthiennhien #dalatreview 
@Tour Guide_ Đẹp Trai🧑‍🦱 
@Tour Guide_ Đẹp Trai🧑‍🦱 
@Tour Guide_ Đẹp Trai🧑‍🦱 ",16,561.82,
Sao Hoả,địa điểm checkin,1,108300,4000000,22000,,https://www.tiktok.com/@sugarmaker72/video/7367962541466717456,"Nay Dĩnh Tiên dắt bạn đi du lịch xa #dalat xíu nha cụ thể là Sao Hoả 😂 #dĩnhtiên #rongchoidalat #foryou #dalatreview #cuocsongdalat #fyp #langthangdalat #phuotdalat #baolam #reviewdalat #khamphadalat
Chỗ này không nên tới nên mọi người coi online thôi nha ",1,518.3,
Fairytale Land,địa điểm checkin,3,159300,3106400,18700000,,https://www.tiktok.com/@dalat_fairytale_land/video/7497465065642183943,"Lost in Fairytale Land 
🇻🇳 🇻🇳 🇻🇳  30.4 - 1.5 🇻🇳 🇻🇳 🇻🇳
Let's gooooo 🛵🛵🛵🛵🛵🛵
#dalat #fairytaleland #langcotichdalat #dulichdalat2025 #diadiemdalat #30thang4 #1thang5 #xuhuong #Далат #Вьетнам #달랏 #베트남 ",3,499.94,The KUPID - Dalat | Dalat Wonderland
Cầu Gỗ Bình Minh Coffee,cafe,4,91366,2608600,568600,,https://www.tiktok.com/@du_lich_dalat/video/7327471583943986433,Hướng Dẫn Đường Đi Săn Mây Cầu Gỗ Bình Minh Coffee Tại Đồi Chè Cầu Đất Đà Lạt#thodandalad#review#reviewdalat#sănmay#sanmay#sanmaydoichecaudat#doichecaudat# ,4,392.23,Cà phê Bản Lèo
Langbiang,địa điểm checkin,10,34284,1628826,48800,,https://www.tiktok.com/@langbiangland/video/7528369502120185095,Đến Langbiang thưởng thức âm nhạc từ các cô sơn nữ nào #langbiangland #music #dalat #dulichdalat ,10,297.17,Langbiang Land
Hồ Xuân Hương,địa điểm checkin,3,66943,1983100,5000000,,https://www.tiktok.com/@manhtienkhoi_/video/7600035869093006610,Hồ Xuân Hương Đà Lạt Sau Tiết Mục Pháo Bông #dalat #sukien #phaobong #ketxe #thachdalat #19dofarm #19dofarmdacsandalat ,3,295.25,
tiệm nướng,khác,1,29700,2200000,221900,,https://www.tiktok.com/@dichoimoingay/video/7376509912337157383,Không gian tiệm nướng ngắm xe lửa cùng view nhà lồng và hoàng hôn cực chill không thể bỏ lỡ ở Đà Lạt🤎 #dalat #dalattrip #dulichdalat #reviewanngon #dichoimoingay ,1,259.7,
Tiệm Cơm Gia Đình Ngon,chợ quán,1,19500,2100000,242400,bình dân,https://www.tiktok.com/@du_lich_dalat/video/7325313221819108610,Tiệm Cơm Gia Đình Ngon Bình Dân Nằm Ngay Trung Tâm Đà Lạt#thodandalad#review#reviewdalat#quananngondalat#comtrua#tiemcomavu# ,1,239.5,
Vườn Địa Đàng,thiên nhiên,1,52700,1700000,37800,,https://www.tiktok.com/@hieuanhcaudung/video/7419309616829435154,Thác 7 tầng - Vườn Địa Đàng - Đà Lạt #dungmeanh #caudungdalat #chupanhdalat #reviewdalat #vuondiadang ,1,232.7,
Lạc Hư Cổ Trấn,địa điểm checkin,1,40900,1800000,123300,,https://www.tiktok.com/@tiktokgapgiquaydo/video/7607409661502967058,"Một địa điểm mới tại Đà Lạt khai trương ngày mùng 1 tết này các bạn ơi.
📍 Lạc Hư Cổ Trấn 
##dalatreviewtravel##latnoitravel##lachucotran",1,230.9,
Mai Anh Đào,địa điểm checkin,1,49800,1700000,10300,,https://www.tiktok.com/@.lt.3605/video/7601868238388989191,Đà Lạt chiều nay 1-2 rực rỡ Mai Anh Đào ❤️#hoxuanhuongdalat #djimavic4pro #fypシ゚ #foryou #canhdepdalat ,1,229.8,
La Mer,homestay,1,55800,1600000,5015,,https://www.tiktok.com/@la.mer.home.dalat/video/7555889967071792402,"đi Đà Lạt về khuya, quá dễ với La Mer 😍😍 #fyp #xuhuong #homestaydalat #staycation #viral ",1,225.8,
Maze Bar,cafe,1,51900,1600000,72100,,https://www.tiktok.com/@koinamang/video/7473110759875153159,Phần 2 - Maze Bar Đà Lạt 🫣 #learnontiktok #ancungtiktok #dalat #dulichdalat #koinamang #mazebar ,1,221.9,
Quán nướng view đẹp,địa điểm checkin,1,21700,1900000,156600,,https://www.tiktok.com/@tuilasapne/video/7376531805442297096,"Quán nướng view đẹp chill in Đà Lạt ngay trung tâm cách chợ Đà Lạt chỉ 5p thôi mng ! 
#sapblogger #tryitwithtiktok #learnontiktok #vtmgr #ancungtiktok #reviewanngon #dalat ",1,221.7,
Chân gà quái thú Đà Lạt,cafe,1,56800,1500000,71300,,https://www.tiktok.com/@sieuanvat25/video/7239287781401398533,Chân gà quái thú Đà Lạt - quán ngon của dân địa phương #xuhuong #sieuanvat #HômNayĂnGì #đàlạt #dalatreview #dalatfood #changa #changaquaithu #chângà #dalatangingon #reviewfood #AnCungTikTok #vrstudio #AnCungTikTok #hômnayăngì #foodreview #quánngon,1,216.8,
Cơm chan nước mắt,khác,1,19000,1500000,5827,,https://www.tiktok.com/@doancaochun/video/7420786910164995329,"Cơm chan nước mắt
#fyp #dalat #caphedalat ",1,179.0,
Hidden Land Dalat,địa điểm checkin,1,65400,969400,8394,,https://www.tiktok.com/@hiddenland.dalat/video/7580344517484662024,"Cánh đồng lúa đang chuyển vàng rồi bạn ơi 🌾✨
📍Hidden Land Dalat
#dalat #caphedalat #xuhuong #capheviewdep #hiddenlanddalat ",1,172.34,
Sân Mây Đà Lạt,địa điểm checkin,2,29400,1075600,109000,,https://www.tiktok.com/@kacosmetic95/video/7387748570369232146,"⛅️ Đây là điểm Săn Mây mà mình thấy đẹp nhất tại Đà Lạt , mùa này săn mây đúng bài luôn rồi 🥰 #buikieuanh #kacosmetic #dalat #sanmay #vlogs ",2,156.96,Cafe săn mây
SOLENA “Quãng Trường La Mã” Đà Lạt,cafe,2,41700,859500,2891,,https://www.tiktok.com/@peonybaobao/video/7616313241244863752,"Trả lời @Phat Huynh Phần 80 | Chi tiết đường đi đến SOLENA “Quãng Trường La Mã” Đà Lạt , tranh thủ đi ngay mấy bàaaa #xuhuong #chinhimientay #checkindalat #diadiemdalat #dalatreview 

@ᥫ᭡ Chế Nhi Miền Tây ౨ৎ 
@ᥫ᭡ Chế Nhi Miền Tây ౨ৎ ",2,147.65,Quán nướng Solena Đà Lạt
Cafe tựa bước ra từ cổ tích,cafe,1,17600,1200000,214500,,https://www.tiktok.com/@hifasne/video/7475687967948967176,"Quán cafe tựa bước ra từ cổ tích cực đẹp, thiệt là chỗ nào ngồi cũng có hình đẹp luônnn 

#cafe #coffee #xuhuong #trending #learnontiktok #dalat #dalatcafe #dalatcoffee ",1,147.6,
Thác mây,địa điểm checkin,1,22900,1100000,26800,,https://www.tiktok.com/@thacmay/video/7550279164360690962,"Cả nhà nôn hông nè? ❤️❤️❤️ Hẹn nhà mình vào ngày 23/09/2025 này nhé 🥰

🌲 Thác mây & chill 🌲
🏠: Dốc số 9, Trại Mát, Đà Lạt

#Thacmay #Thacmaydalat #TiemcapheThacmay #Thacmaycaphe #Quancaphe #Dalat #Tiemcaphe #Yenbinh #Chualanh ",1,142.9,
Cafe mới,cafe,1,32600,1000000,51900,,https://www.tiktok.com/@bolonton_/video/7461468993396706567,"Vượt 275km từ Thủ Đức lên Đà Lạt chỉ để tận hưởng không gian cafe mới với không khí se lạnh iu thíchhh 🤎🍂 
#bolonton #cafe #dalat #chuyencuamo #cafedalat #xh #fyp #reviewcafe ",0,142.6,
S-Chill Home Đà Lạt,homestay,1,15200,1100000,140300,,https://www.tiktok.com/@minhmoonha/video/7394486242219478279,"Homestay Đà Lạt có Bồn Tắm View xịn xò sống ảo, tối chill xem phim nữa nha 🔥🔥🔥 S-Chill Home Đà Lạt #mcv #haminhmoon #dalatreview #homestaydalat #homestayviewdep #dalathomestay #view #reviewhomestay #bontam #dalat #tiktokcommunityvn #monngondalat ",1,135.2,
Ivy Coffee Farm,homestay,2,27334,860800,263200,£7 per person,https://www.tiktok.com/@thejammygits/video/7477578613265632534,"Would you pay to stay here? It’s only £7 per person!🤯 

📍ivy coffee farm - cabin house Da Lat Vietnam🇻🇳 

#vietnamtravel #travelvlogs #dalattrip #roomtour ",1,133.41,Cà phê ngắm hoàng hôn
Nướng,chợ quán,3,9597,758400,2400000,,https://www.tiktok.com/@gowith_we/video/7447126428484685074,Một điểm đến mình rất ưng khi đi ăn nướng ở Đà Lạt là Mộc Quán BBQ nha #travel #traveltiktok #dulichvietnam #travelvietnam #dalat #reviewdalat ,2,115.44,Tiệm nướng Trạm Dừng Chill | Mộc Quán BBQ | Quán nướng
Quán cafe tone đen,cafe,1,20600,783600,221900,,https://www.tiktok.com/@dichoimoingay/video/7333087546748030215,Quán cafe tone đen siêu xịn sò mà bạn phải thử khi đến Đà Lạt🖤 #cafe #reviewcafe #rainycafe #dalat #reviewdalat #dulichdalat #dalattrip #dichoimoingay ,1,108.96,
Thênh Thang,cafe,1,27200,695100,216200,,https://www.tiktok.com/@tiemcaphenhabenrung/video/7509087907039218951,"Buổi sáng sớm ở Thênh Thang như lạc vào cổ tích..
#dalat #reviewdalat #thenhthang #tiemcaphethengthang #cafethenhthang #thenhthangcoffee #caphethenhthang #caphedalat #QuánCafeViewĐẹp #chill #binhyen #binhminh #caphedep ",1,106.71,
Cà phê,cafe,3,13968,598400,200300,,https://www.tiktok.com/@nhat.le.trs/video/7609314328109501716,"Trốn cả thế giới tại @tiệm cà phê Dốc thị – nơi thời gian như ngưng lại giữa sương mù Đà Lạt. Một tách cà phê, một chút chill, và cả bầu trời an yên ❤️  #DocThi #CaPheDocThi #DaLatViewDep #CafeDaLat #CheckinDaLat #DaLatChill #GocNhoDaLat #CafeViewDoi #DocThiCoffee #AnYenGiuaDaLat #TronLenDaLat #dalat ",3,103.81,Quán cà phê Cô Long | Coffe view hồ Tuyền Lâm | Tiệm cà phê Dốc thị
Quán cafe Cô Long,cafe,1,15200,756700,443900,110 k,https://www.tiktok.com/@bossnews.official/video/7628542421235666196,"Kiếm tiền gặp kiếm chuyện: Quán cafe Cô Long trên Đà Lạt bất ngờ bị nam du khách bóc phốt khinh người, bán 110 k cho một ly nước nhưng khách gọi thì làm lơ. CĐM đang nghi ngờ khách hàng này do quán bên cạnh thuê tới để phá quán #cafedalat #dalat #colongdalat #trending #bossnews ",1,100.87,
Quán cafe có view Thuỵ Sĩ,cafe,1,16500,704300,206400,,https://www.tiktok.com/@dichoicunghuy/video/7379832340685573394,Quán cafe có view Thuỵ Sĩ hót rần rần Đà Lạt bữa giờ. #cafe #reviewcafe #dalattrip #dulichdalat ,1,96.93,
Bánh canh cua Luxury,chợ quán,1,13000,717000,177300,,https://www.tiktok.com/@kuti20297/video/7463821415771278610,Bánh canh cua Luxury ngon nhất Đà Lạt ✨ #banhcanh #food #dalat #banhcanhcua #minhlakuti #diadiemanuong ,1,94.7,
Vị Nhà,quán com,2,25155,481700,638,,https://www.tiktok.com/@vinhatiemcomdalat/video/7637004051611127047,"Người ta đi Đà Lạt để chill, còn mình ghé Vị Nhà để...ăn cơm như ở nhà. Đơn giản thôi, nhưng lại thấy dễ chịu đến lạ. 
#tiemcomvinha #comtruadalat #quancomdalat #dalat ",2,93.33,
Quán Nguyễn Gia,cafe,1,12200,685300,5678,,https://www.tiktok.com/@quanngondalat/video/7417303437462768904,"📍Phở gà trộn, miến gà trộn Đà Lạt quán Nguyễn Gia 
———
Hợp khẩu vị quá chừng hà, vị sẽ thiên về trong miền Nam 1 xíu nha!
#quanngondalat #dalat #reviewdalat #dalatreview #xuhuong #photron #miengtron #miengatron #phogatron #anngon #dalattrip #dalatfood ",1,90.73,
Nấm Dừa,thiên nhiên,1,9974,704100,985,,https://www.tiktok.com/@mittorau/video/6722658333305720066,khám phá Đà Lạt : nấm dừa #bungbutv #đà_lạt #đàlạt #khámphá #trekking #nấm,1,90.38,
Bún bò Huế Thiên Trang,chợ quán,1,16900,625700,161000,,https://www.tiktok.com/@mr.cunghe/video/7129358708542393627,BÚN BÒ HUẾ THIÊN TRANG 2 - 28 Hô Tùng Mậu - Đà Lat#xuhuongtiktok2022 #trainghiemamthuc #thanhphonganhoa #amthucdalat #khamphadalat,1,89.47,
Tiệm ăn Nhà Khói,cafe,1,33500,453500,14400,,https://www.tiktok.com/@tiemannhakhoii/video/7229950761105509637,"Cuối tuần rồi, hãy lên đồ, thẳng tiến đến Tiệm ăn Nhà Khói, đừng quên dẫn theo 1 người chụp có tâm nữa để vừa ăn ngon, chill trong không gian Dalat, vừa có những bức hình đẹp thỏa đam mê sống ảo thôi nào các ní #quananThuDuc #nuonglau #bbqfood 

➖➖➖➖➖➖➖➖➖➖➖➖
🍲Tiệm ăn Nhà Khói
 🏡 𝒪𝓅𝑒𝓃 16:00 đến 22:00 hàng ngày 
🏡 𝒜𝒹𝒹𝓇𝑒𝓈𝓈  82 đường 36, phường Linh Đông, Tp Thủ Đức, TP. Hồ Chí Minh. 
🏡 𝒽𝑜𝓉𝓁𝒾𝓃𝑒 0901344286
#nuonglau #quananThuDuc  #quanandep #quanandalat #quananchill #quanandalatgiuasaigon",1,88.85,
chợ mới Đà Lạt,chợ quán,1,21500,538200,207600,,https://www.tiktok.com/@didalatcungtruc/video/7606909036549688597,Ăn vặt khoai siêu dài và kem siêu sầu ở khu chợ mới Đà Lạt #anvatdalat #didalatcungtruc #isbtalents #reviewdalat #dalatreview ,1,85.32,
Thôn 330,địa điểm checkin,1,31600,407000,482300,,https://www.tiktok.com/@ngocduy_diachianuong/video/7514908810608168200,Thôn 330 nơi ngắm hoàng hôn cực chill với đồ nướng siêu ngon giữa lòng Thành phố Đà Lạt #diachianuong #vtmgr ,1,82.3,
Cafe bên suối,cafe,1,12000,576600,60300,45 cành,https://www.tiktok.com/@chulamreview/video/7442942424147692817,Tiệm cafe bên suối đẹp điêngggg chỉ với 45 cành #xuhuongtiktok2024 #tiktok #xuhuong #dalat #reviewdalat #review #cafetiktok #reviewcafe #dalatstory #viralvideo #fyp #trending #viral #vietnam #đalatstatus #xhtiktok #chulamreview #thebalihill ,1,79.66,
dicungthy,homestay,1,11100,522700,238800,,https://www.tiktok.com/@dicungthy/video/7338260421125623060,Hoemstay xịn mịn view hoàng hôn ở trung tâm là Đà Lạt #dicungthy #vtvcab #tiktoktravel #dulichdalat2024 #homestayviewdepdalat #homestaydalatviewdep #homestaydalat ,1,73.37,
Chợ Đà Lạt,địa điểm checkin,2,10030,416000,212100,,https://www.tiktok.com/@sino4994/video/7632278494461873429,Phô mai nướng chợ Đà Lạt #thimucbang #mukbang #phomainuong #chodalat #anvat ,2,71.63,
De Ma’at Villa,homestay,1,12700,487000,33700,,https://www.tiktok.com/@nhatzzii/video/7360962928993914130,"📍De Ma’at Villa - Đà Lạt

Khu villa này gồm 3 căn theo 3 concept, căn của mình tên Vintage . Một căn nhà tone ấm tràn ngập ánh nắng tự nhiên, bao phủ xung quanh là bìa rừng xanh ngời, cả ngày gió đìu hiu chim hót líu lo nó chill dữ luôn 🥲

#dalat #travel #checkinvietnam #photoshoot #dalatcoffee #coffee #cafe #trip #dalathomestay #dalatreview #fyp #xh #xuhuong #viral #dalattrip #workshop #demaatvilladalat ",1,71.4,
Làng Khét Đà Lạt,địa điểm checkin,1,14800,463200,6672,,https://www.tiktok.com/@tiemnuonglangkhet/video/7621847267602894098,"Cám ơn những review của Thu Nhi eat clean 😃 

Một buổi chiều rực rỡ hoàng hôn. Quán mình nằm trên 1 ngọn đồi ôm trọn 4 tầng lầu nên bao quát hết view thung lũng

Làng Khét Đà Lạt đẹp nhất từ 16:00 chiều trở đi, bạn có thể tới sớm hơn một chút, nhâm nhi miếng bò nướng mềm mọng thơm ngon bên bếp than hồng rực lửa và đợi mặt trời dần buông xuống

Trong clip Thu Nhi eat clean tới hơi muộn, lúc 17:30 nên hoàng hôn chỉ còn 5p là lặn. Thiệt là tiếc luôn 😢

Làng khét biết là Đà Lạt đẹp nhất là hoàng hôn, và mong mãi trở thành một trong những điểm đón hoàng hôn yêu thích tại Đà Lạt 
#langkhetdalat #hoanghondalat #dalatdonhoanghonodau #donuongviewhoanghondalat",1,71.12,
1/2 Circle Coffee,cafe,1,5520,536300,76700,,https://www.tiktok.com/@duocroidithoi.sg/video/7387617478555258120,"Cafe tone đen style Thái Lan lên hình cực ấn tượng. Quán 1/2 Circle Coffee✨

#duocroidithoisg #cafedalat #cafe #cafesongao #dalat #xuhuong #cafetiktok ",1,69.15,
Ò Ó Coffee & Tea,cafe,2,12039,299200,7891,,https://www.tiktok.com/@oocoffeeandtea/video/7441405361145367816,"Trời lạnh dễ catch a chill, cần người bên cạnh, teach me cách được iuuuuuu. Ò Ó Coffee & Tea, số 18 hẻm 1 Đặng Thái Thân p3 tp Đà Lạt. #dalat #caphe #coffee #caphedalat #dalatcaphe #coffeedalat #quotes ",2,61.96,
Datanla Adventure Activities,địa điểm checkin,1,20900,294600,695,,https://www.tiktok.com/@atiqahumirah_/video/7558449624244129031,"1500m zipline unlocked ✨ 
📍Datanla Adventure Activities
#dalat #vietnam #zipline ",1,60.36,
Bánh Tráng Nướng Đà Lạt,khác,1,10300,399900,59800,,https://www.tiktok.com/@hoanganhdidau/video/7592237795184348424,Tiệm nướng local ở Đà Lạt 😋😋😋 #hoanganhdidau #donuongdalat ,1,60.29,
Hoàng Hôn,địa điểm checkin,1,18300,319900,424400,,https://www.tiktok.com/@hachireview74/video/7460073643004022034,"Lại thêm một tọa độ check-in ở Đà Lạt nè mọi người, hoàng hôn đẹp mê 🥰🥰 ##mountainchill##mountainchilldalat##cafedalat#cafiewdalat ##hoanghon##dalatreview##dalatstory##dalat  ",1,60.29,
Tiệm Gà Túk Túk Đà Lạt,cafe,1,11300,385900,30800,,https://www.tiktok.com/@chamdidaudo/video/7626977976462150930,Quán ăn độc lạ Đà Lạt  @Tiệm Gà Túk Túk Đà Lạt #chamdidaudo #dalat #dalattrip #dalatangi #tiemgatuktuk ,1,59.89,
The Manor Villas Dalat,khách sạn,1,6045,428600,13400,,https://www.tiktok.com/@resortdalat/video/7409122532223208711,"Với view này mà có thêm… thì tuyệt!
———
📍The Manor Villas Dalat
———
#dalat #khachsandep #khachsantrungtamdalat #khachsansangtrong #resort #resortdalat #resortdep #chill #villadalat #khachsanviewdepdalat #khachsandalat #chilldalat #dalatchill #vibes ",1,58.91,
Quán cơm niêu,chợ quán,1,11600,363300,342700,đắt,https://www.tiktok.com/@tranliendoanh_99/video/7525430430599007496,"Quán cơm niêu ngon cho mọi người khi đi Tà Nung, Đà Lạt nè #comnieudanhtien #comnieudalat #dalatangi #tanung #dalat #reviewdalat ",1,57.93,
Mien Du Muc coffee,cafe,1,10100,369700,45000,,https://www.tiktok.com/@vietnammoment.official/video/7583993449930624276,"This cafe feels like a heaven, with blooming gardens and a fairytale vibe. Don’t miss it when you’re in Da Lat.

📍Mien Du Muc coffee, Da Lat, Vietnam.

👉🏻 Follow us @vietnammoment for more travel inspiration and wanderlust-inducing moments! 🌟🌍
________________
#cafe #dalat #vietnamtravel #vietnam ",1,57.07,
Lang Biang,địa điểm checkin,2,6292,306600,482400,59k,https://www.tiktok.com/@dichungxe/video/7602949300955516168,"Lên ngay con tướng Lang Biang

#dichungxe #dcx #trekking #langbiang ",2,56.95,Tiệm cơm 1 điều ước
Tiệm Cơm Hồi Đó,chợ quán,2,6561,299200,177300,,https://www.tiktok.com/@kuti20297/video/7570710409133542663,"Không gian thoáng mát, món ăn chất lượng, đến Đà Lạt mọi người chưa tìm được quán cơm trưa nào vừa ý, thì thử đến Tiệm Cơm Hồi Đó nha #dalatreview #dalatangi #monngondalat #learnontiktok #ancungtiktok ",2,56.48,
Suoibinhyen,cafe,1,7574,374600,106100,,https://www.tiktok.com/@huongnoilamphim/video/7489681547797269815,Chạy 300 km chỉ để thấy cảnh này 😱#suoibinhyen #dalat #cafedalat #reviewdalat #dalatreview #dalattrip #xuhuong #huongnoilamphim ,1,55.03,
Đồi cỏ hồng,địa điểm checkin,1,12100,313000,42900,,https://www.tiktok.com/@dihetdalat/video/7579981746721148168,Check-in đồi cỏ hồng mộng mơ tại Đà Lạt 📸 #dihetdalat #dalat #cohong #doicohong #doicohongdalat ,1,53.4,
Dưới tán anh đào,cafe,2,16020,161933,19600,,https://www.tiktok.com/@duoitananhdao/video/7639696857463131400,"Mọi người đi du lịch Đà Lạt, ghé Dưới tán anh đào nghe nhạc acoustic nhé 🫶

- Đêm nhạc có lịch diễn mỗi ngày (chỉ nghỉ ngày thứ 4).
- Thời gian từ 19:30-21:30 
- KH.ÔNG BÁ.N VÉ - KH.ÔNG PHỤ THU

📞 Hotline: 093.883.6565

📍Dưới tán anh đào: 29B Hùng Vương, P.Xuân Trường - Đà Lạt (đối diện số 178 Hùng Vương)
🚘 Có bãi đậu xe ô tô và xe máy ngay cổng chính
#acousticdalat #duoitananhdao #dalatdidau #caphedalat #trendingtiktok ",2,52.21,
Cơm Trưa,chợ quán,1,6023,354800,242400,bình dân,https://www.tiktok.com/@du_lich_dalat/video/7514631840213454088,Quán Cơm Trưa Với Các Món Ăn Đặc Sản Của Người Đồng Bào Ngon Bình Dân Ngay Trung Tâm Đà Lạt#thodandalad#dalat#comtrua#quancomdalat#mocbbq#mocquan#checkindalat# ,1,51.5,Quán Cơm Trưa
Pasta Fresca - Taste of Italy,cafe,1,3907,337700,1182,,https://www.tiktok.com/@pastabperdb/video/7586908704109350165,"Nếu muốn ăn pizza Ý thật sự... Hãy đến Pasta Fresca - Taste of Italy in Dalat! 🇮🇹
Chúng tôi cam kết: Lò củi thật, Chef Ý thật, hương vị Naples thật! Không phải trải nghiệm ""na ná""! ✨

#PastaFrescaDalat #viral #TasteOfItaly #DalatItalian #PizzaLoCui   ",1,47.68,
Chợ đêm, chợ quán,1,6883,290500,102000,,https://www.tiktok.com/@callmevyvo/video/7359542199014493448,Ăn vặt độc lạ Đà Lạt với món đậu hủ lắc khói ngay chợ đêm Đà Lạt 😗🍡🍢 #callmevyvo #vyvoreview #dalat #reviewanngon #ancungtiktok #anvatdalat ,1,45.93,chợ đêm Đà Lạt
Da Hiông,địa điểm checkin,1,7033,283900,440,,https://www.tiktok.com/@gia_phu_10/video/7638584137577745680,Hướng dẫn đường tới rừng thông thác 7 tầng Đà Lạt | Nơi có ngọn thác 7 tầng nằm sâu trong rừng thông. Thác này mình thấy trên map để là Thác Da Hiông. Cung đường đi tới đây rất mát và đẹp. Video này hướng dẫn mọi người đoạn đường chạy xe máy. Đoạn còn lại mình sẽ đi bộ mình up video sau nha. Mọi người có dịp trải nghiệm nha! #Phudidaudo #thac7tang #dalat,1,45.42,Thác Da Hiông
Checkin,địa điểm checkin,1,5184,292500,8923,,https://www.tiktok.com/@runggiaohuong/video/7572796495397719304,"Toạ độ checkin cực xịn ở Đà Lạt ✨

#runggiaohuong #cafedalatngon #cafedalat #dulichdalat #checkindalat ",1,44.43,Toạ độ checkin
Cơm Nhà Thông,chợ quán,1,3634,303500,207600,,https://www.tiktok.com/@didalatcungtruc/video/7581337529404869909,"Tiệm cơm trưa view thông xanh ngát ở Đà Lạt, Cơm Nhà Thông gần trung tâm #comnhathong #antruadalat #comdalat #isbtalents #didalatcungtruc #reviewdalat #ancungtiktok ",1,43.98,
Quán ăn local,khác,1,3606,294400,315300,,https://www.tiktok.com/@bananzidong/video/7585781503339138311,"Quán ăn local ở Đà Lạt món ăn chất lượng, không khí vui vẻ. #banandalat #ancungtiktok ",0,43.05,
Timi Boutique Stay Đà Lạt,homestay,1,7515,190000,13200,chăm cơ,https://www.tiktok.com/@linnsharinghomedalat/video/7633422888690928903,"Làm s mà kiếm đc cái phòng cách 
quảng trường Đà Lạt 500m
Có view, có bồn tắm
Giá lại còn nằm ở hàng chăm cơ chứ @Timi Boutique Stay Đà Lạt #homestaydalat #dalat #linnsharinghomedalat #timiboutiquestay #cuoituanlinndidalatnha ",1,36.52,
Cafe Đà Lạt,cafe,1,3672,215400,1600,,https://www.tiktok.com/@vuongtong_1/video/7632639675420855559,Cafe Đà Lạt phát triển tới mức này rồi sao? #xuhuongtiktok #dalat #cafedalat #reviewcafe #chuyencuamo ,1,35.21,
Hương Quán,cafe,1,658,239100,84,,https://www.tiktok.com/@huongquandalat/video/7327856661815627015,Hương Quán có menu ăn trưa hay tối đều hợp lý #huongquan #huongquandalat #quanandalat #gadapludalat #antruadalat ,1,34.57,
Rừng Giao Hưởng,địa điểm checkin,1,3669,207000,8923,,https://www.tiktok.com/@runggiaohuong/video/7620294626150288660,"Ăn trưa ở Rừng Giao Hưởng kiểu: no bụng + no mắt + chill hết nấc 🌿

Đồ ăn nóng hổi, view thì “đỉnh của chóp” 

📍Nhớ ghé Rừng ăn trưa bạn nhé!

#runggiaohuong #cafedalat #dulichdalat #dalat #checkindalat ",1,34.37,
Home tour căn nhà Pháp,homestay,1,7426,157400,9506,,https://www.tiktok.com/@vivove49/video/7637840314656443656,Vlog Vi làm homestay ở Đà Lạt tập 34 - Home tour căn nhà Pháp   #vilamhomestay #phanvivlog #rapthome #raptmaison #homestaydalat,1,33.17,
Tiệm ăn vặt,chợ quán,1,4959,181200,199100,,https://www.tiktok.com/@trongtamdalat/video/7366211336776338706,Tiệm ăn vặt ngon lâu năm ít ai review bạn biết #dalat #dalatreview #ongboreviewdalat #reviewdalat #ancungtiktok ,1,33.08,
Làng Cù Lần,địa điểm checkin,1,3516,191900,57400,,https://www.tiktok.com/@bacxiuneee_/video/7605564991403560213,"Đi Làng Cù Lần, có ai bỏ quên “Lò Gụ” này khumm🍃
#langculan #reviewdalat #dulichdalat #dalat #bacxiunee ",1,32.71,
Terracotta Hotel & Resort Dalat,khách sạn,1,1140,213500,13400,,https://www.tiktok.com/@resortdalat/video/7337975832725425410,"Team mê sống ảo không thể bỏ lỡ Terracotta Hotel & Resort Dalat. Mang vẻ đẹp thiên nhiên với rừng thông bao phủ nằm cạnh bờ hồ Tuyền Lâm đầy thơ mộng
———
Liên hệ Hoa Đà Lạt Travel nhận ưu đãi!
———
#dalat #dalatreview #dalattrip #khachsandalat #khachsan4sao #terracotta #terracottaresort #review #reviewdalat #resortdalat #travel #traveltips #khachsandalat #dulichdalat #xuhuong #xuhuongtiktok #viral ",1,32.49,
Mì Bò XIII,chợ quán,1,2649,196300,213,,https://www.tiktok.com/@lynavananh/video/7443370316094557458,"📍Tiệm mì Bò tại Đà Lạt -  Mì Bò XIII. Với Na thì ngon, bánh phô mai xúc sắc 🤤🤤#tiemmibophugia #mibodalat #tiemmidalat #dalatfood #mibo #fyp ",1,32.28,
Đỉnh Langbiang,thiên nhiên,2,3147,66982,330,,https://www.tiktok.com/@dicungmonn/video/7638627134801480981,Chinh phục đỉnh LangBiangg #trekking #dallas #outfit #salomon #langbiang ,2,29.85,
Quán ăn vặt,chợ quán,2,1981,75300,199100,giá rẻ,https://www.tiktok.com/@sasavivudalat/video/7638476715794173192,"Quán ăn vặt với món nước dừa tươi full topping, bánh tráng trộn, bánh tráng cuộn...#dalat #dalatreview #reviewdalat #ongboreviewdalat ",2,29.51,
Quán cơm Linh,cafe,1,2521,166300,101400,,https://www.tiktok.com/@huongnoidian/video/7531414422338768146,+ 1 máy ghiền Quán cơm Linh ở Đà Lạt #reviewanngon #ancungtiktok #LearnOnTikTok #tryitwithtiktok #huongnoidian ,1,29.15,
Xe cá viên chiên huyền thoại,chợ quán,1,3719,140400,21800,,https://www.tiktok.com/@toiladandalat/video/7517947514473942304,"Xe cá viên chiên huyền thoại đối diện cổng trường Bùi Thị Xuân, Đà Lạt #dalat #toiladandalat #dalatangi #xh #fyp #anvat #cavienchien ",1,27.76,
chợ ĐL, chợ quán,1,3596,132100,7371,,https://www.tiktok.com/@chang.trang91/video/7597736208403270933,Hai quán ăn trên chợ ĐL mà nhất định mọi người nên gé khi đến Đà Lạt#đicungchang #TikTokShopFUNFEST #reviewdalat ,1,26.81,
Lạc Dương Hill,địa điểm checkin,1,2420,130900,123300,,https://www.tiktok.com/@tiktokgapgiquaydo/video/7633944771379203335,"Lễ này các bạn lại có địa điểm mới để đi check in nữa rồi nè…
📍 Lạc Dương Hill ( 19/5 - F LangBiang - Đà Lạt )
##dalatreviewtravel##lacduonghill##thuyentrennui##caphechill",1,25.51,
Mint Coffee & Tea,cafe,1,3909,103400,5678,,https://www.tiktok.com/@quanngondalat/video/7606963392359730452,"Quán cà phê Đà Lạt có nhiều món nước  đa dạng, vị trí gần trung tâm Đà Lạt
📍Mint Coffee & Tea
#caphedalat #mintcoffeeandtea #quanngondalat #reviewdalat #dulichdalat ",1,24.25,
Tiệm ăn vặt ở Đà Lạt,chợ quán,1,2946,109500,207600,,https://www.tiktok.com/@didalatcungtruc/video/7583956254150659348,"Tiệm ăn vặt ở Đà Lạt, có các món gà rán sốt ngon #anvatdalat #garandalat #isbtalents #didalatcungtruc #reviewdalat #ancungtiktok #monngondalat ",1,23.9,
Chuồn Chuồn,địa điểm checkin,1,317,131700,26100,,https://www.tiktok.com/@chuonchuon.dalat/video/7529030112126242055,Điểm du lịch Chuồn Chuồn - Khu tổ hợp vui chơi siêu hot mùa hè này #dalat #travel #dalatreview #dulich #checkindalat #foryou #fyp #xuhuong #viral #explore,1,23.49,
Miền Du Mục,cafe,1,2038,113000,1838,"100,000 vietnamese dong ($3.80USD)",https://www.tiktok.com/@ericgoesto/video/7523077765306895646,"The best café in Da Lat, Vietnam 🇻🇳 is a MUST visit!

 📍Miền Du Mục
The entrance fee is 100,000 vietnamese dong ($3.80USD) and it comes with a coffee/drink of your choice. Its perfect for Instagram pictures 📸.

Don't forget to wear your best outfit ✨️ 

See you in Vietnam 😉

#MiềnDuMục #vietnamcafe #dalat #cafedalat #dalatvietnam #vietnamtravel #vietnamtrip  #vietnamese ",1,23.34,
The KingDom,địa điểm checkin,1,2162,111500,1333,,https://www.tiktok.com/@dalatusdt/video/7616042254498762004,"The KingDom - Lạc Dương Đà Lạt 
#thekingdom #diadiemcheckindalat #viral #phongcanhdalat #dalat ",1,23.31,
Happy Hill,cafe,1,2320,105700,27700,,https://www.tiktok.com/@happyhillcoffee/video/7632893615571848469,Happy Hill hiện tại lễ giỗ tổ Hùng Vương 🥳🥰🥳. #khoanhkhachappyhill #happyhillcoffee #happyhilldalat #dulichvietnam #checkindalat ,1,22.89,
Quán ăn vặt mở khuya ở Đà Lạt,chợ quán,1,3078,93400,207600,,https://www.tiktok.com/@didalatcungtruc/video/7618543330791623957,Quán ăn vặt mở khuya ở Đà Lạt #anvatdalat #didalatcungtruc #ancungtiktok #reviewdalat #isbtalents  ,1,22.42,
Ngôi nhà gỗ,homestay,1,820,114200,206400,,https://www.tiktok.com/@dichoicunghuy/video/7370692052352306439,Ngôi nhà gỗ bé xinh nằm giữa đồi thông Đà Lạt. #homestay #staycation #dalat ,1,22.24,
Datanla New Alpine Coaster,địa điểm checkin,2,514,13651,9096,,https://www.tiktok.com/@hieuhefner/video/7157402703180696875,Datanla New Alpine Coaster Vietnam 🇻🇳 #rollercoaster #vietnam ,2,21.88,
Tiệm cơm Mêli Đà Lạt,quán ăn,1,1091,107400,5678,,https://www.tiktok.com/@quanngondalat/video/7446651507530845447,"Tiệm cơm gia đình Đà Lạt chuẩn cơm mẹ nấu. Lên Đà Lạt muốn tìm quán cơm set menu thì có thể ghé qua quán cơm gia đình lâu đời này nha!
📍Tiệm cơm Mêli Đà Lạt
#quanngondalat #tiemcommeli #quancomgiadinh #comgiadinhdalat #dalatangi #dalatangingon #dalatreview #reviewdalat #dalatfood #dalattrip #dalat #comnhangonnhat #chuancommenau #tiemcommelidalat #setmenu #lunchsetmenu ",1,21.83,
Datanla Falls,thiên nhiên,2,86,10514,14600,,https://www.tiktok.com/@macartneytravels/video/7585025161540275476,"Datanla Falls Vietnam Da Lat 🇻🇳

Must visit! 👌

#datanla #viral #fyp #waterfalls #vietnam ",2,21.14,Datanla Đà Lạt
Banh Mi Xiu Mai,chợ quán,2,251,8167,12600,15-20k,https://www.tiktok.com/@minutemuncher/video/7436000173614009643,"ladies and gentlemen, i think ive finally found it. The best banh mi xiu mai in da lat, and maybe all of vietnam #vietnam #vietfood #vietfoodie #vietnamesestreetfood #vietnamesemukbang #banhmi #banhmixiumai #banhmixiumaidalat #minutemuncher ",2,21.07,Bánh mì chả cá
Khu du lịch Fresh Garden,địa điểm checkin,1,4403,66600,419100,,https://www.tiktok.com/@haichi121/video/7630148931460074760,Khu du lịch Fresh Garden - địa điểm vui chơi cực hấp dẫn cho các gia đình có bé nhỏ #nhahana #freshgarden #freshzoo #freshplayground #dalat ,1,21.06,
siu xinh,homestay,1,2441,85400,19800,,https://www.tiktok.com/@lnthaotrann/video/7535500229265722631,Bỏ túi thêm chiếc home siu xinh ở Đà Lạt nữa nè mí bà #reviewdalat #homestaydalat #lnthaotran ,0,20.98,
Datanla Waterfall,thiên nhiên,2,153,6161,1780,,https://www.tiktok.com/@travel_i_luv/video/7363917918603627783,Fun time at Datanla Waterfall in Đà Lạt with @Binsalem9999 I’m ready to go back whenever you are❣️❣️#BấtHối #MissingYou💔 #NMT #simplejoy #hpdongianvaythoi❤🙆‍♀️,2,20.77,
nhà hàng xinh như cổ tích, nhà hàng,1,1447,92700,227500,,https://www.tiktok.com/@traanxngg/video/7194824583839485210,một nhà hàng xinh như cổ tích cho lần tiếp theo mng đến Dalat🤍 #dalat #dalatreview #xuhuong #ancungtiktok #dalatfood ,1,20.72,
cafe Vùng Ngoại Ô,cafe,2,254,3324,880,,https://www.tiktok.com/@vuunique/video/7636290608453225748,Cafe Vùng Ngoại Ô . Một chiếc cafe làm rung động những tâm hồn mơ mộng ở Đà Lạt @Tiệm cà phê Vùng Ngoại Ô #dalattrip #dalat2024 #dalatstory #vungngoaiodalat #xuhuong #fyp ,2,20.59,
Quán bún mộc,chợ quán,1,2253,82200,302500,,https://www.tiktok.com/@chidichilll/video/7633724109511200007,Quán bún mộc ngon tại Đà Lạt #chidichill #diadiemanuongdalat   #anuongdalat #ansangdalat #bunmocdalat,1,20.47,
The Lam,cafe,1,1465,84800,2454,,https://www.tiktok.com/@thelam35lytutrong/video/7638628543840275730,"🍲 Hè này đến Đà Lạt, Trưa thì ăn gì? Đến ngay The Lam để thưởng thức bữa cơm trưa chuẩn vị nhà
🌿 Không gian chill giữa rừng, thoáng đãng, vừa ăn vừa tận hưởng Đà Lạt mát lạnh bạn nha. 
📍 35 Lý Tự Trọng, Phường Xuân Hương, Đà Lạt.
#comtruathelam #thelamdalat #comnhadalat #anngondalat #xuhuong ",1,19.95,
bánh mì Nga Đà Lạt,chợ quán,1,1480,81400,973,,https://www.tiktok.com/@makeuptamle/video/7021818490617187611,Ghé thăm bánh mì Nga Đà Lạt 🥖 thèm quá 😣#banhmidalat #anvatdalat #dalat #dalattrip #anngondalat #foodydalat #dalatreview #amthucdalat,1,19.62,
Quán Cà phê Hoa Xương Rồng,cafe,1,1977,75100,184,,https://www.tiktok.com/@caphedalat01/video/7414005832070860040,"Quán Cà phê mới sắp khai trương tại Đà Lạt cực xịn! Chắc chắn sẽ là điểm check-in hot tại Đà Lạt vào dịp sắp tới.
📍Quán Cà phê Hoa Xương Rồng
#review #dalatreview #reviewdalat #caphe #cafe #coffee #cafedalat #coffeedalat #caphedalat #quancaphedalat #quancaphe #chill #chillmusic #vibes #goodvibes #dalat #dalatchill #quancaphehoaxuongrong #hoaxuongrong #xuhuong ",1,19.49,
Hoa Cẩm Tú Cầu,cafe,1,2359,71300,9858,,https://www.tiktok.com/@ama.vietnam.blog/video/7613373066021735687,"📍Address: Hoa Cẩm Tú Cầu, Phường 3, Đà Lạt, Lâm Đồng, Vietnam - Rừng Mơ.

Located by the river and surrounded by nature, this beautiful coffee shop offers a chill vibe that feels truly unreal. If you travel to Dalat, Vietnam, don’t miss this place.

Enjoy! 😃

#vietnamesecoffeeshop #vietnamesecafe #dalatcoffeeshop #dalatcafe #vietnamesecoffee",1,19.49,
Bản Garden,chợ quán,1,685,80700,207600,,https://www.tiktok.com/@didalatcungtruc/video/7590041201357786388,"Bản Garden, tiệm cơm đồng bào ngon ở Đà Lạt #bangardendalat #didalatcungtruc #isbtalents #reviewdalat #ancungtiktok #antruadalat ",1,18.76,
địa điểm checkin siêu đẹp tại đà lạt,địa điểm checkin,1,2108,65500,252000,,https://www.tiktok.com/@dao_duy_phuong/video/7621552941580750087,Địa điểm Checkin siêu đẹp tại Đà Lạt nhưng không phải ai cũng đủ bản lĩnh để chinh phục #reviewcungmap #chill #dalat #rungthong,1,18.66,
Tiệm cafe của thanh xuân,cafe,1,2250,63700,208200,,https://www.tiktok.com/@heuupham95/video/7409930280238124295,"Tiệm cafe của thanh xuân 2024 
#travel #food #cafe #review #heuuulatui #dalat #learnontiktok #xuhuong #dqn ",1,18.62,
Quán ăn vặt Đà Lạt,chợ quán,1,2144,61600,5678,,https://www.tiktok.com/@quanngondalat/video/7522764403435982088,"Quán ăn vặt Đà Lạt gần trung tâm thành phố!
Đây là quán ăn vặt đa dạng món ăn vặt với những món ngon lạ miệng Đà Lạt
#dalat #anvatdalat #quananvatngon #quananvatdalat #dalatreview #quanngondalat #lichtrinhdalat #quananngondalat #reviewdalat #yingdalat #anvatying #banhtrangnuongdalat ",1,18.3,
Tiệm Cà Phê Bình Minh Ơi Đà Lạt,cafe,1,334,78100,216000,,https://www.tiktok.com/@tiemcaphebinhminhoidalat/video/7376464212798852370,"Căn nhà gỗ của Tiệm, căn nhà ấm áp lúc nào cũng có nhạc nhẹ và ánh đèn vàng. Ở trong nhà yên tĩnh hơn, bạn có thể ngồi làm việc, đọc sách, hay đơn giản là chỉ ngồi im chuyện trò với nhau. Góc nào cũng được, miễn bạn thấy thoải mái thì đó là vị trí đẹp nhất rồi - “Tiệm Cà Phê Bình Minh Ơi Đà Lạt ❤️”#binhminhoidalat #girls #quancaphedalatviewdep #tiemcaphebinhminhoi #xuhuong ",1,18.14,
Petit à petit,cafe,1,1467,60200,182,,https://www.tiktok.com/@petitapetit18b/video/7325010893652102402,Petit à petit quán cà phê tại Đà Lạt sắp Grand Opening vào 18/01/2024 mời các bạn đến với chúng mình nhé 🩷 #dalat #caphedalat #cafechill #cafexinh #cafesongao #reviewcafe ,1,17.49,
Rừng Thông Đà Lạt,thiên nhiên,1,1389,58800,111100,,https://www.tiktok.com/@nhanphepha/video/7625482548088442132,"Trải nghiệm đạp xe, chèo sup, camp giữa rừng thông Đà Lạt #dalat #nhanphepha #chill #rungthongdalat ",1,17.27,
Xôi xoài Thái Lan,chợ quán,1,1404,56200,207600,,https://www.tiktok.com/@didalatcungtruc/video/7378479439560117505,🤤 Xôi xoài Thái Lan ở khu hoà bình Đà Lạt #xoixoaithai #anvatdalat #isbtalents #didalatcungtruc #dalatreview #reviewdalat #ancungtiktok #reviewanngon #monngondalat ,1,17.02,
New Light Coffee,cafe,1,796,60300,207600,,https://www.tiktok.com/@didalatcungtruc/video/7633363595354590485,"New Light Coffee Đà Lạt, tiệm cà phê ăn sáng xinh ở trung tâm, chụp ảnh đẹp, view chill #newlightcoffeedalat #dalatcoffee #reviewdalat #didalatcungtruc #isbtalents ",1,16.83,New Light Coffee Đà Lạt
Khu vườn cà phê,địa điểm checkin,1,1955,48100,6565,,https://www.tiktok.com/@kunlogg/video/7590354050130939156,"Khu vườn cà phê sáng iu thích của toiiii ☕️🫂
#vlog #kunlog #dalat ",1,16.77,
Cafe TAVI,cafe,1,1537,49100,15700,,https://www.tiktok.com/@dalat_reels/video/7592931867377224980,📍Tiệm cà phê TAVI #dalatreels #dalat #checkindalat #tiemcaphetavi #caphedalat ,1,16.45,Tiệm cà phê TAVI
restaurant, nhà hàng,1,515,54800,20900,,https://www.tiktok.com/@goldiegallowaytravels/video/7332136850510859553,"We found the best restaurant in Da Lat, Vietnam 🙏🏼
.
#travellife #backpackinglife #dalatvietnam #foodporn #fyp ",0,16.0,
Cafe Nhâm,cafe,1,871,50400,5758,,https://www.tiktok.com/@mehuyencunglucie/video/7635882805779614996,"Cafe Nhâm khu Thảo Điền, có bể cá cho các Em bé xem nữa nè, quán này rộng lắm, ổn nha các Mẹ #nhamcafe #khuvuichoi #cafekid #diadiemvuichoi #xuhuong ",1,15.91,
207 Cafe,cafe,1,1462,42700,8923,,https://www.tiktok.com/@zamorakris/video/7635282156457184520,📍207 Cafe #caferecommendation #cebucafe #studytok ,1,15.73,
bánh canh chả cá,chợ quán,1,918,46100,12600,$1.50 yummy,https://www.tiktok.com/@minutemuncher/video/7433442583302425898,$1.50 yummy bánh canh chả cá in Da Lat. Must try in the upstairs food court! #vietnam #vietfood #vietnamesestreetfood #vietnamesemukbang #whattoeatinvietnam #vietfoodie #vietnamesefood #minutemuncher ,1,15.53,
Tiệm cơm,khác,1,596,49000,199100,,https://www.tiktok.com/@trongtamdalat/video/7631396488651787528,"Tiệm cơm ngon như nhà nấu , mọi người thử ăn chưa? #dalat #ongboreviewdalat #reviewdalat ",1,15.5,
Cà phê tone đen trắng,cafe,1,1599,37600,60300,,https://www.tiktok.com/@chulamreview/video/7443678965849541889,Tiệm cà phê tone đen trắng cực xịn tại Đà Lạt#xuhuongtiktok2024 #cafesongao #reviewcafe #reviewcafesongao #cafe #quáncafeviewđẹp #cafedalat #tiktok #xuhuong #review #reviewdalat #viralvideo #chulamreview #waicafe ,1,15.36,
Quán cơm gà,cà phê | nhà hàng,1,860,43000,111100,,https://www.tiktok.com/@nhanphepha/video/7620048187281263893,Quán cơm gà ngon ở Đà Lạt #dalat #nhanphepha #comgakuboc #quananngon #quanandalat ,1,15.16,
Al Dente,nhà hàng,1,917,42400,11300,,https://www.tiktok.com/@omsaonoi/video/7496113004753423624,Al Dente nhà hàng Ý mới mở tại Đà Lạt - tập 17 series ăn gì mùa lễ #omsaonoi #italycuisine #diadiemanuong #dalatreview #creatorsearchinsights ,1,15.16,
Quán cà phê tone đen,cafe,1,1154,39300,9523,,https://www.tiktok.com/@chillwithvyuyennn/video/7324239184787541256,Quán cà phê tone đen đang hot tại Đà Lạt 🖤 #ThanhThoiLuotTet #dalat #fyp #dalattrip #dalatcoffee #2024 #dalattrip ,1,15.08,
Honami Farm,cafe,1,356,39900,88600,,https://www.tiktok.com/@anngoncungcam01/video/7633418157130108181,"Đà Lạt - Honami Farm 
Địa điểm, quán săn mây mới cách chợ Đà Lạt khoảng 10 phút đi xe máy rất là chill.
#xuhuong #review #coffee #sanmaydalat #dulich ",1,14.35,
Pizza,khác,1,850,32300,679,,https://www.tiktok.com/@emanday_2/video/7637097038471105813,Đi ăn Pizza ở Đức Trọng cùng Anh nha 🫶🏻#pizza #anvatductrong #anvatdalat #ductrong #dalat ,0,14.08,
Ẩm thực Nam Anh Phát,quán nướng | nhà hàng,1,2115,18200,5678,,https://www.tiktok.com/@quanngondalat/video/7458879362511686920,"Quán nướng Đà Lạt hay Lẩu gà lá é Đà Lạt ngon cho gia đình, nhóm bạn đông hãy thử ghé qua Ẩm thực Nam Anh Phát - Ẩm thực Tây Nguyên hội tụ đầy đủ món ăn vùng miền chất lượng! 
#quannuongdalat #laugalaedalat #amthucdalat #amthuctaynguyen #dalat #dalatangi #anngondalat #quanngondalat #tiemnuongdalat #reviewdalat #dalatreview #laucatam #laucatamdalat ",1,13.94,
Almira home,homestay,1,895,28200,6564,,https://www.tiktok.com/@kunlogg/video/7604691518573563156,"Một chiếc home ngắm hoàng hôn tui tâm đắc ở Đà Lạt | Almira home ⛅️
#homestay #dalat ",1,13.71,
Quán A Mẫn,cafe,1,417,31200,70700,,https://www.tiktok.com/@julepe.sheen/video/7586520176925887752,"Quán ăn núp hẻm, đông khách địa phương. Quán A Mẫn, hải sản ốc ngon toẹt vời luôn. #dalatangi ",1,13.54,
Cô Long,địa điểm checkin,1,582,28500,20700,,https://www.tiktok.com/@hanh.bupb/video/7630680747443031316,#colongdalat #xuhuong #checkindalat #cafecolong #happyhill cô long mà không có lông….,1,13.43,
quán ăn đêm,chợ quán,1,425,29400,26600,,https://www.tiktok.com/@ducdodalat/video/7293409881950833928,"Review quán ăn đêm Đà Lạt ngon, gần chợ đêm #quanandalat #dalatangi #ducdodalat#ducdat #reviewdalat ",0,13.37,
Dĩnh Tiên,địa điểm checkin,1,704,24200,22000,,https://www.tiktok.com/@sugarmaker72/video/7236194040532782342,Replying to @Heo Sữa🐽🥛 Dĩnh Tiên mời bạn ăn nha #dĩnhtiên #dalat #khamphadalat #cuocsongdalat #dalatstory #nấm #háinấm #foryou #reviewdalat #dalatreview #ghiendalat #ancungtiktok #cooking ,1,13.12,
Cherry Pet Coffee,cafe,1,227,28300,7450,,https://www.tiktok.com/@hiakhoa/video/7326562163907235074,"Bạn có biết Đà Lạt vừa có 1 quán cafe thú cưng mới. Đây là Cherry Pet Coffee ở Tự Phước nha. Mở cửa 7:00-22:00.
#quancafedalat #dalat #dalat2024 ",1,13.06,
Cafe đang hot nhất lúc này tại Đà Lạt,cafe,1,271,26100,60300,,https://www.tiktok.com/@chulamreview/video/7443779642986712337,"Quán cafe đang hot nhất lúc này tại Đà Lạt, đẹp điênggggg#xuhuongtiktok2024 #cafe #coffee #noel #giangsinh #giangsinh2024 #cafedalat #tiktok #review #chulamreview #viral #reviewdalat #merrychristmas #xmas #fyp #puppyfarm ",1,12.88,
Primavera Italian Restaurant,cafe,1,366,24800,7572,,https://www.tiktok.com/@avokliv/video/7617686854049058070,"Found the best pizza in Vietnam🇻🇳🇮🇹 Primavera Italian Restaurant 📍Da Lat 

Address: 54/7 Phan Đình Phùng, Phường 1, Đà Lạt

#miraglorycoffee #miraglory #vietnam #lifeinvietnam #italyinvietnam ",1,12.85,
Quán cafe Thời Thanh Xuân,cafe,1,298,21500,23700,,https://www.tiktok.com/@traveleverywhere.vn/video/7399602885719346450,Quán cafe Thời Thanh Xuân nơi làm việc của các bạn khiếm thính mang lại sự yên bình ngay giữa lòng Đà Lạt #cafe #dalat #reviewdalat #reviewcafe #xuhuong #2024 #dalatdidau #checkindalat,1,12.45,
Tiệm Trà Phụng,cafe,1,578,13200,2567,,https://www.tiktok.com/@mylinhcute510/video/7634547284160122132,"Đi Đà Lạt uống trà sữa nướng + trái cây cùng tiệm trà Phụng ☕️🌲 

#dalat #tiemtraphung #caphedalat #reviewdalat #viral ",1,11.9,
Trông,cafe,1,148,17200,9523,,https://www.tiktok.com/@chillwithvyuyennn/video/7325273773047909650,Trông - quán cà phê tone đen siêu hot dạo gần đây cùng concept hoa tulip mới 🌷 #dalat #fyp #ThanhThoiLuotTet #dalatcoffee #dalatreview #dalattrip #2024 #dalattravel ,1,11.87,
Một Bữa Cơm,cafe,1,113,16600,803,,https://www.tiktok.com/@motbuacom.dl/video/7587392658046569748,Tại sao nên ghé Một Bữa Cơm vào dịp lễ tết sắp tới #antruadalat #dalat #1phutdalat #motbuacom #comnha #comtrua #dalatangi #xuhuong ,1,11.77,
Bánh Mì BOM,chợ quán,1,187,15200,53,12k - 20k,https://www.tiktok.com/@bomgamingdalat/video/7557905186564459783,"🥖 BÁNH MÌ & BÚN THỊT NƯỚNG SAU CỔNG ĐẠI HỌC ĐÀ LẠT 🏫
Giòn rụm – thơm lừng – topping đầy ụ luôn 😋
Chỉ từ 12k có bánh mì gà xé, 14k thịt nướng, 15k thập cẩm
và bún thịt nướng chỉ 20k thôi nha! 💥

Sinh viên Đại học Đà Lạt mà chưa ghé “Bánh Mì BOM” là thiếu sót đó nha 😍
📍Ngay sau cổng trường, ghé ăn thử liền đi nè!

💬 Comment “Đà Lạt” để tui chỉ chỗ cho nè!

#BanhMiDaLat #BunThitNuongDaLat #BanhMiBom #DaLatFood #DaLatUniversity         ",1,11.71,
3 tiệm cà phê viral ở Đà Lạt,cafe,1,212,13100,789600,,https://www.tiktok.com/@nhandian/video/7635214351682522388,"Review chân thật 3 tiệm cà phê viral ở Đà Lạt nè, liệu có bị ""overrated"" quá hay không? #dalat #dalatreview #dalatcoffee #nhandian #fyp ",0,11.52,
Hoadaquy,cafe,1,182,12000,60300,,https://www.tiktok.com/@chulamreview/video/7446275711201053959,Đi lẹ không là hết hoa tới nơi 😂#xuhuongtiktok2024 #hoadaquy #review #dalat #chill #reviewcafe #cafetiktok #cafedalat #dalatcoffee #reviewdalat #chulamreview #calalily #fypシ゚ #fyp ,1,11.38,
Cơm tấm,khác,1,221,11000,770400,#giabaojewelry #congtyvangbacgiabao,https://www.tiktok.com/@congtyvangbacgiabao/video/7636600240900164871,Cơm tấm ngon Đà Lạt #giabaojewelry #congtyvangbacgiabao ,0,11.32,
Hidden Land,địa điểm checkin,1,269,6670,7374,,https://www.tiktok.com/@alvinodalat/video/7604836931930705160,"Xin chào, hôm nay mình giới thiệu đến mọi người một địa điểm check in “phải đến” khi đến Đà Lạt.
Ở Hidden Land đẹp quá, mọi thứ như trong tranh vậy, có bạn nào từng đến đây chưa?
#dalat #viral ",1,10.94,
Quán nướng được khen nhiều tại Đà Lạt,khác,1,91,8346,5679,,https://www.tiktok.com/@quanngondalat/video/7412955870415392006,"Quán nướng được khen nhiều tại Đà Lạt sẽ ra sao?
#quanngondalat #dalat #reviewdalat #dalatreview #xuhuong #dalattrip #dalatfood #quanandalat #maudichdalat #quannuongmaudich #anngon #xh #xuhuong ",1,10.93,
Tiệm cà phê Custty - Coffee & More,cafe,1,58,7351,184,,https://www.tiktok.com/@caphedalat01/video/7450131900565327111,"📍Tiệm cà phê Custty - Coffee & More Đà Lạt
Quán cà phê Đà Lạt dễ thương tone pastel! 
#dalat #caphedalat #cafedalat #caphe #coffe #coffeetime #reviewdalat #dalatreview #dalatstory #dalattrip #pastel ",1,10.79,
Tháp Vinaphone,địa điểm checkin,1,176,4963,77200,,https://www.tiktok.com/@tiemnuongchillxomleo/video/7639607677848472850,Đi Đà Lạt phải 1 lần checkin Tháp Vinaphone và ăn nướng săn tàu cùng nhau #dalat #tiemnuongchillxomleo #dalattrip #buoitoidalat #xomleo ,1,10.67,
Nui sốt đẫm xíu mại,chợ quán,1,317,3276,329,29kkk,https://www.tiktok.com/@nuisotphomaidalat/video/7635897648288976148,Nui sốt đẫm xíu mại ăn no căng mà chỉ 29kkk 🥳 #monngondalat #nuisotxiumaiphomai #anvatdalat #dalatangi ,1,10.64,
Tiệm Cà phê bên Suối,cafe,1,126,4725,1099,,https://www.tiktok.com/@hoang.anh.822/video/7493011221671709983,"Tiệm Cà phê bên Suối #caphedalat #dalat #vietnamtrip #vietnam 
T#xuhuong #Americatiktok #tiktok",1,10.6,
10 Trịnh Hoài Đức,homestay,1,108,4680,51,giá rẻ,https://www.tiktok.com/@nhung.phm8326/video/7638972534901411080,"📍Homestay Đà Lạt - 10 Trịnh Hoài Đức, P11, Đà Lạt 

 Một góc nhỏ bình yên giữa Đà Lạt mộng mơ với không gian xinh xắn, view đồi thông và không khí trong lành. Homestay phù hợp cho cặp đôi, nhóm bạn hoặc ai muốn tìm cảm giác nhẹ nhàng, chữa lành 🫶🏻🏔️ #homestaydalat #homestaydalatgiare #dulichdalat #dalat ",1,10.58,
LUXURY HOTEL ĐÀ LẠT,khách sạn,1,89,4814,123400,rẻ,https://www.tiktok.com/@tiktokgapgiquaydo/video/7638409963882188040,"Một địa điểm lưu trú tại Đà Lạt đã đẹp mà lại còn rẻ nữa nè các bạn ơi…
Các bạn lên Đà Lạt thì nhớ tham khảo khách sạn này nha.
📍 LUXURY HOTEL ĐÀ LẠT ( 124 - Tô Hiến Thành - Đà Lạt )
#d#dalatreviewtravel#l#luxuryhoteldalat1#124tohienthanhdalatn#nhanghidalat",1,10.57,
Thác Voi,địa điểm checkin,1,101,4368,29200,,https://www.tiktok.com/@tuandatvendalat/video/7583615500593138964,"Thác Voi là cả nhà , ngoại ô Đà Lạt nhé ☘️☘️ #thacvoi #vendalat #namban #dalat #linhantu ",1,10.54,
Cheo veo cà phê,cafe,1,75,4509,353,,https://www.tiktok.com/@chagiotomthitsieungon/video/7598760559059750165,"Cheo veo cà phê

Mỗi lần cảm thấy căng thẳng mình sẽ ghé quán ngồi nhìn xa xăm, ngắm nhìn thung lũng🍃
#cheoveocoffee #dalatreview #caphedalat #dalatcoffee #lalamngaodu ",1,10.53,
Quán Cà Phê Happy Hill Coffe Cô Long,cafe,1,179,2996,1460,,https://www.tiktok.com/@thuyn0010/video/7627694439330319636,Quán Cà Phê Happy Hill Coffe Cô Long #colong #caphe #caphedalat #happyhill #happyhilldalat ,1,10.48,
Cơm Linh,quán ăn,1,219,2600,12300,,https://www.tiktok.com/@quancomlinhdalat/video/7639309889264848149,Bạn đang dùng bữa ở 2 chi nhánh cơm Linh vào những ngày đầu hè #quancomlinh #quancomdalat #comnhadalat #dalatangi #comnha ,1,10.48,
Rendez-vous,cafe,1,18,4349,239,,https://www.tiktok.com/@rendezvous_dalat/video/7523389423199849735,"☕🍰 Rendez-vous – Góc nhỏ cho những buổi trà chiều lãng mạn hay cho 1 buổi tối hẹn hò yêu thương.
🎹 Live piano mỗi tối Thứ Bảy
⏰ 19:20 – 20:20
🕰 Mở cửa: 6:30 – 20:30
📍 142 Yersin,  P.9, Đà Lạt 
Không gian cổ điển, ấm cúng – nơi bạn có thể nhâm nhi trà ngon, bánh ngọt và để tâm hồn dịu lại.

Rendez-vous – Where every sip tells a story. 🌿
☕🍰 Rendez-vous – A cozy corner for romantic afternoon teas or a loving evening date.
🎹 Live piano every Saturday night
⏰ 7:20 PM – 8:20 PM
🕰 Open daily: 6:30 AM – 8:30 PM
📍 142 Yersin Street, Ward 9, Da Lat

Rendez-vous – Where every sip tells a story. 🌿
#xuhuong #xuhuongtiktok 
#CafeDaLat
#TeaTimeDaLat
#QuanTraDaLat
#DaLatCafe
#TramGiuaDaLat
#DaLatVibes
#ChillInDaLat
#TronVaoDaLat
#HiddenGemDaLat
#DaLatMood
#DaLatMoments
#DaLatTrip
#DaLatView
#GocNhoDaLat
#QuanDepDaLat
#DaLatCheckin
#ChieuDaLat
#TraVaNhac
#PianoAndTea
#VintageDaLat
#DaLatRetro
#RomanticDaLat
#MustTryInDaLat
#DaLatCafeTour
#DaLatFoodie 
#DaLatHiddenSpot 
#CheckInDaLat
#BestCafeInDaLat
#CafeViewDepDaLat
#SlowLivingDaLat
#RendezvousPianoNight
#DaLatTeaBlend
#RendezvousGarden
#TeaWithAStory
#RendezvousTeaAndCafe
#RendezvousMoments#
#WhereEverySipTellsAStory",1,10.45,
Ở Lại Mây,địa điểm checkin,1,74,3732,9164,,https://www.tiktok.com/@olaimay.dalat/video/7628473827680455943,"Săn hoàng hôn Đà Lạt không thể quên địa điểm Ở Lại Mây - Không chỉ có nhiều góc checkin siêu đẹp, dùng trà chiều nóng hổi cùng khoai bắp nướng mà Mây còn có BBQ và Đêm nhạc Acoustic mỗi đêm tất cả các ngày trong tuần !
#olaimay #demnhacolaimay #hoanghondalat #dalatangi #dalatdidau",1,10.45,
địa điểm check in healing,địa điểm checkin,1,149,2921,7374,,https://www.tiktok.com/@alvinodalat/video/7621150466788871432,"Giới thiệu thêm cho mọi người một địa điểm check in healing tại Đà Lạt. 
#dalat #viral ",1,10.44,
Rackie Burger,cafe,1,40,3232,175,,https://www.tiktok.com/@rackie.burgerdalat/video/7594445599441816852,"Rackie Burger - Handmade burger in Dalat 
Open : 17h - 22h
📍 Số 2 Huyền Trân Công Chúa, Đà Lạt 
#burgerdalat #dalat #dalatfood #rackieburger #loveburger ",1,10.36,
DEVON COTTAGE Tea Room,cafe,1,33,3031,24,,https://www.tiktok.com/@caphedalatviewdep/video/7400256633311382791,"DEVON COTTAGE Tea Room in Dalat
#cafedalat #coffeetiktok #coffedalat #dalat #xh #xuhuong #xuhuong2024 #xhhhhhhhhhhhhhhhhhhhhhhh #fyp #viral #foryoupage ",1,10.34,
đồi chè cầu đất,thiên nhiên,1,101,2373,959,,https://www.tiktok.com/@thch.i.trekk/video/7635134436803218709,Săn mây đồi chè Cầu Đất 2/5 #sanmay #sanmaydalat #dalat #doichecaudat #viralvideo ,1,10.34,
Khu vườn mùa hè,cafe,1,97,2118,688,,https://www.tiktok.com/@khuvuonmuahe/video/7529876407002959122,"Khu vườn mùa hè hẹn bạn 🌿🍃
📍27 hẻm 1 , đường Đặng Thái Thân , p3 , Đà lạt 
📞 093 6525327
#reviewdalat #dalattrip #khuvuonmuahecafe #khuvuonmuahedalat #caphedalat #dalatcoffee #quancaphedepdalat #xuhuong2024 #viralvideo #cafedalat #giangsinhdalat #lear#caphe#cafe#coffee#reviewcafe #khuvuonmuahecafe#dalat #foryou#viral #travel #hastag#delicious #vlog#xuhuong #fyp ",1,10.31,
HAMY HOUSE,homestay,1,40,2221,15000,1xx,https://www.tiktok.com/@hamyhousedalat/video/7637027690880486677,"Lâu lắm rồi mới quay được trong nhà ☺️ 
HAMY HOUSE là nguyên căn 4p gần trung tâm mà chỉ 1xx🐠/đimmm 💖
#dalat #reviewdalat #xuhuong #hamyhousedalat #homestaydalat ",1,10.26,
vườn cam cara,địa điểm checkin,1,25,2112,2736,,https://www.tiktok.com/@thuy_nina2/video/7438507038516202760,Mời cả nhà ghé tham quan vườn cam cara ruột đỏ nha#dalat #camcara #donduong #dran #dacsanvietnam ,1,10.24,
Cafe xinh,cafe,1,34,1917,6105,high,https://www.tiktok.com/@nanhor_/video/7362513512943357185,"Quán cafe xinh xỉuuuu, mà nước hơi cao tẹo 🥲. Cây cây hoa hoa là thích òi 😘 #2024 #nanhor_ #dalatreview #review #fyp #dalat #food ",0,10.23,
Tiệm Cafe Nhớ Hoài,cafe,1,62,1531,116,,https://www.tiktok.com/@langthanglk/video/7552701224886275336,"TIỆM CAFE NHỚ HOÀI - Là một góc nhỏ giữa thành phố Đà Lạt ồn ào - nó nằm ngay dưới con dóc nhỏ nơi có những bậc cầu thang đặc trưng của những con dóc Đà Lạt - là nơi Trịnh Công Sơn đã đến với MoChico nàng thơ của ông trong những sáng tác về Đà Lạt về giấc sơ sương - hãy đến để trải nghiệm nổi Hoài cổ mộc mạc của 1 quán cafe góc đường.
#cafenhohoai #đalat #langthangđườngphố #khampha #xuhuongtiktok ",1,10.22,
LIMI WORLD,địa điểm checkin,1,20,1441,0,,https://www.tiktok.com/@quanthedulichpini/video/7433598646714748177,"🌟 LIMI WORLD 🌟 – Thiên đường vui chơi tuyệt vời cho các bé tại Pi Ni Đà Lạt! 🎡
Đến LIMI WORLD, các bé sẽ được thỏa sức khám phá thế giới trò chơi đầy màu sắc với vô vàn hoạt động lý thú và sáng tạo. Đây không chỉ là nơi vui chơi mà còn giúp các bé phát triển kỹ năng và khám phá bản thân qua từng trò chơi hấp dẫn! 🎨🎠
👨‍👩‍👧‍👦 Hãy đến Pi Ni và mang lại cho bé những kỷ niệm đáng nhớ tại LIMI WORLD – nơi bé thỏa sức vui chơi và học hỏi! 🌈💖
-------------------------------
💞𝓠𝓾𝓪̂̀𝓷 𝓣𝓱𝓮̂̉ 𝓚𝓱𝓾 𝓓𝓾 𝓛𝓲̣𝓬𝓱 𝓟𝓲 𝓝𝓲 Đ𝓪̀ 𝓛𝓪̣𝓽💞
𝐴𝑑𝑑: thôn Đạ Nghịt, xã Lát, huyện Lạc Dương, tỉnh Lâm Đồng
𝐻𝑜𝑡𝑙𝑖𝑛𝑒: 02633 733888
#KDLPiNi #DulichDaLat #khamphadalat #xh #xuhuong2024tiktok❤️🌈✔️ #xuhuong2024 #dulich #dulichdalat2024 #xuhuong2024❤️ #DaLat #baby #playstation #kids #playground",1,10.16,
Vườn cam canh ở K'long K'lanh,địa điểm checkin,1,60,985,2681,,https://www.tiktok.com/@lcd_dalat/video/7590671504824749332,"""Khi cuộc đời cho bạn quả Quýt nhưng mình thì chọn quả Cam 🍊"" 😆😆
Chị Thảo lên Đà Lạt chơi. Nên 2 chị em mình sẽ dẫn đi vườn cam canh ở K'long K'lanh tham quan và hái ít về làm quà. Tuy ở xứ lạnh nhưng cam vẫn rất ngọt và ngon luôn 🤤🤤😍😍🍊🍊#dalat #yeudalat #camcanh🍊 #vuoncamcanhdalat #🏳️‍🌈 ",1,10.16,
35 Trạng Trình,chợ quán,1,52,959,249,7k-8k,https://www.tiktok.com/@bepnhagau.dalat/video/7538436147542871303,"Ăn vặt Đà Lạt giá chỉ từ 7k-8k
35 Trạng Trình (nhà gỗ xinh xắn)
#bepnhagau #anvatdalat #dalat #foodie ",1,10.15,
Tiệm cà phê Hoàng Hôn Chiều,cafe,1,50,900,63,,https://www.tiktok.com/@onenightstation/video/7551067372229102866,"Tiệm cà phê Hoàng Hôn Chiều
 📸 2024 Dec, 14
•
•
• 
#dalat #vietnam #เวียดนาม #ดาลัด #เที่ยวเวียดนาม ",1,10.14,
Louisville,khác,1,54,658,1126,,https://www.tiktok.com/@dalatscafe/video/7637593131508043039,available this mother's day weekend 🫶🫶🫶 #dalatscafe #louisvilleky,0,10.12,
Trạm Nắng,địa điểm checkin,1,32,741,6,,https://www.tiktok.com/@tramnangvuaanvuachill/video/7638631491089501458,"Đón hoàng hôn tại Trạm Nắng 😋
#tramnang #tramnangbbq #dalatangi #quannuongdalat #tramnangdalat",1,10.11,
Tiệm cà phê trong Rừng,cafe,1,26,598,118,,https://www.tiktok.com/@vudasar/video/7590390530903641364,"Buổi cà phê ngày đầu tiên của 2026 của Tiệm cà phê trong Rừng 
#dalatcamp 
#dasar 
#VuoDasar 
#outdoor ",1,10.09,
Chuyện Của Mơ,cafe,1,24,568,15200,,https://www.tiktok.com/@vnexpress_hanoi/video/7639762005133479186,"The dreamy café in Da Lat 🇻🇳☕✨



Location: Chuyện Của Mơ



It truly feels like stepping into a fairytale - soft lights, cozy corners, and peaceful views 🌿💛

For the best seats with a view, it’s better to make a reservation in advance.

The place gets crowded in the evening, so try to arrive before 5:30 PM.



#dalat #vietnamtravel #cafedalate #chuyencuamo  #travelvibes ",1,10.08,
Cafe Chiu Chiu,cafe,1,22,395,1099,,https://www.tiktok.com/@hoang.anh.822/video/7496913074838916383,Cafe Chiu Chiu ...#dalat #vietnamtrip #dulichdalat #caphedalat #vietnamese #california #usa #xuhuong #tiktok #hottrend,1,10.06,
đồi Hòn Bồ,thiên nhiên,1,10,521,962,,https://www.tiktok.com/@huuhoang27/video/7615615255854599432,"Test Cam Mi15u ngày và đêm tại đồi Hòn Bồ Đà Lạt, xin lỗi trước vì mình không biết chụp 😅 #xiaomi #cảnhđẹpthiênnhiên  #dalat #tym #xăng ",1,10.06,
Thác Pongour,thiên nhiên,1,14,495,4443,,https://www.tiktok.com/@thanhlanbt88/video/7635497474953596167,Thác Pongour được mệnh danh là thác hùng vĩ nhất tại Đà Lạt. Với vẻ đẹp hoang sơ và không kém phần thơ mộng là điểm đến lý tưởng khi khám phá Đà Lạt#thanhlanbt88 #canhdepdalat #khamphadalat #thacnuoc#thacpongour ,1,10.06,
Chồn Cafe,cafe,1,8,373,50,,https://www.tiktok.com/@kdk2801/video/7636235062677179655,vườn cafe Chồn Cafe Với/dalat#fyp#foryou#foryoupage#xuhuong2026 ,1,10.05,
Vũ Homestay Đà Lạt,homestay,1,24,304,3885,"3.x.x – 4.x.x /đêm, 5.x.x – 7.x.x /đêm",https://www.tiktok.com/@vuhomestaydalat25/video/7585116320832752903,"🌿 Sen đá ở Đà Lạt – nhỏ xíu nhưng bền bỉ.
Giữa tiết trời se lạnh và nắng nhẹ, những chậu sen đá nằm yên bên hiên nhà, không cần chăm nhiều nhưng lúc nào cũng xanh. Sen đá ở Đà Lạt nhìn vậy mà rất có hồn, chậm rãi và bình thản như chính nhịp sống nơi đây.

Người ta hay nói sen đá giống con người ở Đà Lạt:
ít nói, không ồn ào, nhưng sống rất lâu và rất bền. Chỉ cần đặt cạnh cửa sổ, có nắng sáng chiếu vào là đủ để thấy một góc nhỏ bình yên.

Đà Lạt có nhiều điều giản dị như thế —
một chậu sen đá, một buổi sáng lạnh, một căn phòng nhìn ra thành phố.

Nếu anh/chị ghé Đà Lạt và muốn tìm một nơi ở yên tĩnh:

🏡 Vũ Homestay Đà Lạt – nhà gỗ vintage, phòng view kính – ban công nhìn thành phố
📍 25/34/3 Nhà Chung – Phường Xuân Hương (Phường 3 cũ)
🌸 Phòng đơn: 3.x.x – 4.x.x /đêm
🌸 Phòng đôi: 5.x.x – 7.x.x /đêm
👥 Nhận 8–12 người
🔥 Có bếp nấu & bếp nướng BBQ
🚲 Cho thuê xe máy
📞 0375.446.420 – 0399.506.311

Có những thứ nhỏ bé ở Đà Lạt,
nhưng lại làm người ta nhớ rất lâu 🌿

⸻

#SenDaDaLat #VuHomestayDaLat
#DaLatSongCham #HomestayDaLat
#GocNhoDaLat #DaLatMuaLanh",1,10.05,
Biệt điện Trần Lệ Xuân,địa điểm checkin,1,6,455,740,,https://www.tiktok.com/@hazelssketches/video/7634577373265956117,"Biệt điện Trần Lệ Xuân - một địa điểm check-in quá đẹp ở Đà Lạt mà gia đình mình tình cờ ghé thăm trong một buổi chiều random không biết đi đâu. Chúng mình là những người khách tham quan duy nhất trong buổi chiều ngày hôm đó. Tiếng gió xào xạc, tiếng chim, tiếng sỏi lạo xạo dưới từng bước chân xen lẫn với chút se lạnh của Đà Lạt làm mình cảm giác như đang được sống lại lịch sử từ hơn nửa thế kỷ trước.

#madamededalat #dalat #checkindalat ",1,10.05,
Tiem Com Tau,cafe,1,8,258,4330,,https://www.tiktok.com/@laurenvacula/video/7629196342413315358,"#stitch with @DW Around The World | Traveler thank you for this rec- this was such a good vegan bahn mi find in Dalat, Vietnam! the bread was delicious and she had some crunchy mushrooms on it too. I routed to this place on Google Maps:

📍Tiem Com Tau  #dalat #vietnam #veganbahnmi #vietnamtravel ",1,10.03,
Cây Cam Ngọt,cafe,1,15,177,123,,https://www.tiktok.com/@trangduongnehehe/video/7638165648136260884,Dẫn con gái nhỏ đi quán Cây Cam Ngọt mà mẹ thích 🍊 #mothersday #caycamngot #dalat ,1,10.03,
A Mía,cafe,1,3,140,2401,,https://www.tiktok.com/@lvtdlion/video/7639352398145752340,"Ghé ngay A Mía có quà có quà 🍭
#dalat #fyp #hot #monngondalat #angiodalat ",1,10.02,
Cafe dừa sầu riêng,cafe,1,3,133,16,100k,https://www.tiktok.com/@caphengondakla/video/7382785585171139856,Cafe dừa sầu riêng giá chỉ 100k #xuhuong #thinhhanh #frending #cafe #caphe #càphesaurieng #xh ,1,10.02,
Banh Mi,khác,1,12,60,161,,https://www.tiktok.com/@cheftybeh/video/7345600548818767137,The best Banh Mi in Dalat,1,10.02,
Thác tại View triệu đô,thiên nhiên,1,8,113,951,,https://www.tiktok.com/@thiendaugau7/video/7639753885875293460,Thác tại View triệu đô #dulichvietnam #dalat #viraltiktok #foryou #fypシ゚ ,1,10.02,
quán siêu xinh,cafe,1,3,39,2582,,https://www.tiktok.com/@gocnhodalat_01/video/7407332379066518791,Mách bảo cho bạn mấy quán siêu xinh này nha #gocnhodalat #dalatdivatrainghiem #dalatreview #coffee ,0,10.01,
